2020-06-02 00:16:31,,0,0,PROFIT,-351,-351
2020-06-02 00:16:31,JRF20200601-151630-883593+8778,1027412,0.00228301,SELL,0,-351
2020-06-02 00:16:31,,0,0,PROFIT,-38,-389
2020-06-02 00:20:01,JRF20200601-152000-563628+8657,1028512,0.01,SELL,0,-389
2020-06-02 00:20:16,JRF20200601-152016-991363+9074,1028616,0.01,SELL,0,-389
2020-06-02 00:20:32,JRF20200601-152031-004902+7803,1028408,0.009,SELL,0,-389
2020-06-02 00:20:33,JRF20200601-152031-004902+4262,1028408,0.001,SELL,0,-389
2020-06-02 00:20:46,JRF20200601-152045-224671+8940,1028305,0.01,SELL,0,-389
2020-06-02 00:21:01,JRF20200601-152100-443960+8850,1028532,0.01,SELL,0,-389
2020-06-02 00:21:37,JRF20200601-152116-886419+7535,1028075,0.01,SELL,0,-389
2020-06-02 00:22:17,JRF20200601-152216-449538+5128,1028044,0.01,SELL,0,-389
2020-06-02 00:22:30,JRF20200601-152200-449480+4927,1028407,0.01,SELL,0,-389
2020-06-02 00:25:46,JRF20200601-152545-225483+4817,1028810,0.01,SELL,0,-389
2020-06-02 00:26:04,JRF20200601-152601-225534+2206,1028555,0.01,SELL,0,-389
2020-06-02 00:26:31,JRF20200601-152630-880465+2310,1029769,0.01,SELL,0,-389
2020-06-02 00:26:32,JRF20200601-152616-564429+7435,1029807,0.01,SELL,0,-389
2020-06-02 00:26:46,JRF20200601-152645-773164+6124,1029635,0.01,SELL,0,-389
2020-06-02 00:27:02,JRF20200601-152701-665385+3562,1029520,0.01,SELL,0,-389
2020-06-02 00:27:16,JRF20200601-152715-880629+1637,1029327,0.01,SELL,0,-389
2020-06-02 00:27:31,JRF20200601-152730-887562+0152,1029273,0.01,SELL,0,-389
2020-06-02 00:27:47,JRF20200601-152745-995509+9651,1029037,0.01,SELL,0,-389
2020-06-02 00:28:01,JRF20200601-152801-009596+4431,1029111,0.01,SELL,0,-389
2020-06-02 00:28:16,JRF20200601-152816-013683+1668,1029067,0.01,SELL,0,-389
2020-06-02 00:30:32,JRF20200601-153030-449319+3003,1029545,0.01,SELL,0,-389
2020-06-02 00:30:56,JRF20200601-153045-565278+7864,1029581,0.01,SELL,0,-389
2020-06-02 00:31:02,JRF20200601-153100-449422+6303,1030010,0.01,SELL,0,-389
2020-06-02 00:31:24,JRF20200601-153115-010147+8699,1029751,0.01,SELL,0,-389
2020-06-02 00:31:35,JRF20200601-153132-774004+6416,1030789,0.01,SELL,0,-389
2020-06-02 00:31:46,JRF20200601-153145-565712+1109,1030442,0.01,SELL,0,-389
2020-06-02 00:32:02,JRF20200601-153200-006917+8050,1030661,0.01,SELL,0,-389
2020-06-02 00:32:31,JRF20200601-153231-445970+8969,1030767,0.01,SELL,0,-389
2020-06-02 00:33:01,JRF20200601-153300-446073+4640,1029550,0.01,SELL,0,-389
2020-06-02 00:33:32,JRF20200601-153331-565885+6901,1029966,0.01,SELL,0,-389
2020-06-02 00:33:48,JRF20200601-153345-776404+7637,1030001,0.01,SELL,0,-389
2020-06-02 00:34:03,JRF20200601-153400-997376+4705,1030239,0.01,SELL,0,-389
2020-06-02 00:34:19,JRF20200601-153415-996717+8679,1030319,0.002,SELL,0,-389
2020-06-02 00:34:19,JRF20200601-153415-996717+8529,1030319,0.008,SELL,0,-389
2020-06-02 00:34:33,JRF20200601-153430-227114+8692,1030311,0.01,SELL,0,-389
2020-06-02 00:34:47,JRF20200601-153445-119696+1661,1030136,0.01,SELL,0,-389
2020-06-02 00:35:02,JRF20200601-153501-337739+2620,1030671,0.01,SELL,0,-389
2020-06-02 00:38:33,JRF20200601-153832-332639+5464,1030685,0.01,SELL,0,-389
2020-06-02 00:39:46,JRF20200601-153930-447198+6198,1030778,0.01,SELL,0,-389
2020-06-02 00:39:47,JRF20200601-153946-447269+9409,1030751,0.01,SELL,0,-389
2020-06-02 00:40:02,JRF20200601-154001-561351+2765,1030953,0.01,SELL,0,-389
2020-06-02 00:40:23,JRF20200601-154015-567297+1480,1030860,0.01,SELL,0,-389
2020-06-02 00:40:31,JRF20200601-154030-014598+3117,1030545,0.01,SELL,0,-389
2020-06-02 00:42:30,JRF20200601-151630-883593+8778,0,0,CLEAR,0,-389
2020-06-02 00:42:30,JRF20200601-152000-563628+8657,1028512,0.00228301,SELL,0,-389
2020-06-02 00:42:30,,0,0,PROFIT,-21,-410
2020-06-02 00:42:47,JRF20200601-152000-563628+8657,0,0,CLEAR,0,-410
2020-06-02 00:42:47,JRF20200601-152016-991363+9074,1028616,0.00228301,SELL,0,-410
2020-06-02 00:42:47,,0,0,PROFIT,-18,-428
2020-06-02 00:43:03,JRF20200601-152016-991363+9074,0,0,CLEAR,0,-428
2020-06-02 00:43:03,JRF20200601-152031-004902+7803,1028408,0.00128301,SELL,0,-428
2020-06-02 00:43:03,,0,0,PROFIT,-16,-444
2020-06-02 00:43:18,JRF20200601-152031-004902+7803,1028408,0.00078301,SELL,0,-444
2020-06-02 00:43:18,,0,0,PROFIT,-1,-445
2020-06-02 00:43:20,JRF20200601-152031-004902+7803,0,0,CLEAR,0,-445
2020-06-02 00:43:20,JRF20200601-152031-004902+4262,0,0,CLEAR,0,-445
2020-06-02 00:43:20,JRF20200601-152045-224671+8940,1028305,0.00228301,SELL,0,-445
2020-06-02 00:43:20,,0,0,PROFIT,-17,-462
2020-06-02 00:43:31,JRF20200601-152045-224671+8940,0,0,CLEAR,0,-462
2020-06-02 00:43:31,JRF20200601-152100-443960+8850,1028532,0.00228301,SELL,0,-462
2020-06-02 00:43:31,,0,0,PROFIT,-16,-478
2020-06-02 00:43:47,JRF20200601-152100-443960+8850,0,0,CLEAR,0,-478
2020-06-02 00:43:47,JRF20200601-152116-886419+7535,1028075,0.00228301,SELL,0,-478
2020-06-02 00:43:47,,0,0,PROFIT,-15,-493
2020-06-02 00:44:16,JRF20200601-152116-886419+7535,0,0,CLEAR,0,-493
2020-06-02 00:44:16,JRF20200601-152216-449538+5128,1028044,0.00228301,SELL,0,-493
2020-06-02 00:44:16,,0,0,PROFIT,-20,-513
2020-06-02 00:44:35,JRF20200601-152216-449538+5128,0,0,CLEAR,0,-513
2020-06-02 00:44:35,JRF20200601-152200-449480+4927,1028407,0.00228301,SELL,0,-513
2020-06-02 00:44:35,,0,0,PROFIT,-18,-531
2020-06-02 00:45:01,JRF20200601-152200-449480+4927,0,0,CLEAR,0,-531
2020-06-02 00:45:01,JRF20200601-152545-225483+4817,1028810,0.00228301,SELL,0,-531
2020-06-02 00:45:01,,0,0,PROFIT,-12,-543
2020-06-02 00:45:16,JRF20200601-152545-225483+4817,0,0,CLEAR,0,-543
2020-06-02 00:45:16,JRF20200601-152601-225534+2206,1028555,0.00228301,SELL,0,-543
2020-06-02 00:45:16,,0,0,PROFIT,-14,-557
2020-06-02 00:45:39,JRF20200601-152601-225534+2206,0,0,CLEAR,0,-557
2020-06-02 00:45:39,JRF20200601-152630-880465+2310,1029769,0.00228301,SELL,0,-557
2020-06-02 00:45:39,,0,0,PROFIT,-6,-563
2020-06-02 00:46:15,JRF20200601-152630-880465+2310,0,0,CLEAR,0,-563
2020-06-02 00:46:15,JRF20200601-152616-564429+7435,1029807,0.00228301,SELL,0,-563
2020-06-02 00:46:15,,0,0,PROFIT,-3,-566
2020-06-02 00:48:16,JRF20200601-152616-564429+7435,0,0,CLEAR,0,-566
2020-06-02 00:48:16,JRF20200601-152645-773164+6124,1029635,0.00228301,SELL,0,-566
2020-06-02 00:48:16,,0,0,PROFIT,0,-566
2020-06-02 00:48:32,JRF20200601-152645-773164+6124,0,0,CLEAR,0,-566
2020-06-02 00:48:32,JRF20200601-152701-665385+3562,1029520,0.00228301,SELL,0,-566
2020-06-02 00:48:32,,0,0,PROFIT,-2,-568
2020-06-02 00:48:46,JRF20200601-152701-665385+3562,0,0,CLEAR,0,-568
2020-06-02 00:48:46,JRF20200601-152715-880629+1637,1029327,0.00228301,SELL,0,-568
2020-06-02 00:48:46,,0,0,PROFIT,0,-568
2020-06-02 00:50:31,JRF20200601-152715-880629+1637,0,0,CLEAR,0,-568
2020-06-02 00:50:31,JRF20200601-152730-887562+0152,1029273,0.00228301,SELL,0,-568
2020-06-02 00:50:31,,0,0,PROFIT,-4,-572
2020-06-02 00:53:53,JRF20200601-155347-018312+7865,1030201,0.01,SELL,0,-572
2020-06-02 00:54:26,JRF20200601-155415-123122+3891,1030067,0.01,SELL,0,-572
2020-06-02 00:54:37,JRF20200601-155431-900231+0940,1030068,0.01,SELL,0,-572
2020-06-02 00:55:18,JRF20200601-155517-569985+6887,1029799,0.01,SELL,0,-572
2020-06-02 00:55:31,JRF20200601-155530-569921+7037,1030425,0.01,SELL,0,-572
2020-06-02 00:55:49,JRF20200601-155547-128332+4066,1030298,0.01,SELL,0,-572
2020-06-02 00:56:03,JRF20200601-155600-453884+5413,1030470,0.00514074,SELL,0,-572
2020-06-02 00:56:03,JRF20200601-155600-453884+3997,1030470,0.00485926,SELL,0,-572
2020-06-02 00:56:16,JRF20200601-155615-558741+9684,1030503,0.01,SELL,0,-572
2020-06-02 00:56:46,JRF20200601-155645-900650+6134,1030132,0.01,SELL,0,-572
2020-06-02 00:57:07,JRF20200601-155705-778408+2757,1030300,0.01,SELL,0,-572
2020-06-02 00:57:16,JRF20200601-155715-570245+7513,1030351,0.01,SELL,0,-572
2020-06-02 00:57:46,JRF20200601-155745-900830+2682,1030200,0.01,SELL,0,-572
2020-06-02 00:58:02,JRF20200601-155801-455919+5999,1030362,0.01,SELL,0,-572
2020-06-02 00:58:19,JRF20200601-155815-123816+0709,1030438,0.01,SELL,0,-572
2020-06-02 00:58:31,JRF20200601-155831-015054+2426,1030177,0.01,SELL,0,-572
2020-06-02 00:59:25,JRF20200601-155916-017930+3689,1030746,0.01,SELL,0,-572
2020-06-02 00:59:43,JRF20200601-155931-456213+3601,1031068,0.01,SELL,0,-572
2020-06-02 00:59:46,JRF20200601-155945-234768+1405,1030952,0.01,SELL,0,-572
2020-06-02 01:00:04,JRF20200601-160002-570867+4440,1031096,0.01,SELL,0,-572
2020-06-02 01:01:02,JRF20200601-160101-886603+4537,1029743,0.01,SELL,0,-572
2020-06-02 01:02:02,JRF20200601-160200-015680+7115,1029542,0.01,SELL,0,-572
2020-06-02 01:02:34,JRF20200601-160231-571278+8966,1030030,0.01,SELL,0,-572
2020-06-02 01:02:49,JRF20200601-160245-456768+7864,1030713,0.01,SELL,0,-572
2020-06-02 01:03:04,JRF20200601-160301-894052+7332,1031455,0.01,SELL,0,-572
2020-06-02 01:03:34,JRF20200601-160331-015962+3559,1032158,0.01,SELL,0,-572
2020-06-02 01:29:38,JRF20200601-152730-887562+0152,0,0,CLEAR,0,-572
2020-06-02 01:29:38,JRF20200601-152745-995509+9651,1029037,0.00228301,SELL,0,-572
2020-06-02 01:29:38,,0,0,PROFIT,-48,-620
2020-06-02 01:29:48,JRF20200601-152745-995509+9651,0,0,CLEAR,0,-620
2020-06-02 01:29:48,JRF20200601-152801-009596+4431,1029111,0.00228301,SELL,0,-620
2020-06-02 01:29:48,,0,0,PROFIT,-49,-669
2020-06-02 01:30:01,JRF20200601-152801-009596+4431,0,0,CLEAR,0,-669
2020-06-02 01:30:01,JRF20200601-152816-013683+1668,1029067,0.00228301,SELL,0,-669
2020-06-02 01:30:01,,0,0,PROFIT,-49,-718
2020-06-02 01:30:18,JRF20200601-152816-013683+1668,0,0,CLEAR,0,-718
2020-06-02 01:30:18,JRF20200601-153030-449319+3003,1029545,0.00228301,SELL,0,-718
2020-06-02 01:30:18,,0,0,PROFIT,-40,-758
2020-06-02 01:30:31,JRF20200601-153030-449319+3003,0,0,CLEAR,0,-758
2020-06-02 01:30:31,JRF20200601-153045-565278+7864,1029581,0.00228301,SELL,0,-758
2020-06-02 01:30:31,,0,0,PROFIT,-35,-793
2020-06-02 01:30:46,JRF20200601-153045-565278+7864,0,0,CLEAR,0,-793
2020-06-02 01:30:46,JRF20200601-153100-449422+6303,1030010,0.00228301,SELL,0,-793
2020-06-02 01:30:46,,0,0,PROFIT,-36,-829
2020-06-02 01:31:21,JRF20200601-153100-449422+6303,0,0,CLEAR,0,-829
2020-06-02 01:31:21,JRF20200601-153115-010147+8699,1029751,0.00228301,SELL,0,-829
2020-06-02 01:31:21,,0,0,PROFIT,-41,-870
2020-06-02 01:37:30,JRF20200601-153115-010147+8699,0,0,CLEAR,0,-870
2020-06-02 01:37:30,JRF20200601-153132-774004+6416,1030789,0.00228301,SELL,0,-870
2020-06-02 01:37:30,,0,0,PROFIT,-28,-898
2020-06-02 01:41:41,JRF20200601-164130-242521+0481,1035085,0.01,SELL,0,-898
2020-06-02 01:42:05,JRF20200601-164145-578567+5460,1035131,0.01,SELL,0,-898
2020-06-02 01:45:35,JRF20200601-153132-774004+6416,1030789,0.00036272,SELL,0,-898
2020-06-02 01:45:35,,0,0,PROFIT,-7,-905
2020-06-02 01:45:35,JRF20200601-153132-774004+6416,0,0,CLEAR,0,-905
2020-06-02 01:45:35,JRF20200601-153145-565712+1109,1030442,0.00228301,SELL,0,-905
2020-06-02 01:45:35,,0,0,PROFIT,-33,-938
2020-06-02 01:51:50,JRF20200601-153145-565712+1109,0,0,CLEAR,0,-938
2020-06-02 01:51:50,JRF20200601-153200-006917+8050,1030661,0.00228301,SELL,0,-938
2020-06-02 01:51:50,,0,0,PROFIT,-41,-979
2020-06-02 01:52:02,JRF20200601-153200-006917+8050,0,0,CLEAR,0,-979
2020-06-02 01:52:02,JRF20200601-153231-445970+8969,1030767,0.00228301,SELL,0,-979
2020-06-02 01:52:02,,0,0,PROFIT,-42,-1021
2020-06-02 01:52:31,JRF20200601-153231-445970+8969,0,0,CLEAR,0,-1021
2020-06-02 01:52:31,JRF20200601-153300-446073+4640,1029550,0.00603204,SELL,0,-1021
2020-06-02 01:52:31,,0,0,PROFIT,-31,-1052
2020-06-02 01:52:31,JRF20200601-153300-446073+4640,1029550,0.00228301,SELL,0,-1052
2020-06-02 01:52:31,,0,0,PROFIT,-20,-1072
2020-06-02 01:52:35,JRF20200601-153300-446073+4640,0,0,CLEAR,0,-1072
2020-06-02 01:52:35,JRF20200601-153331-565885+6901,1029966,0.00228301,SELL,0,-1072
2020-06-02 01:52:35,,0,0,PROFIT,-50,-1122
2020-06-02 01:55:03,JRF20200601-165500-022224+1311,1036630,0.01,SELL,0,-1122
2020-06-02 01:55:31,JRF20200601-165530-800232+3696,1036598,0.01,SELL,0,-1122
2020-06-02 01:55:33,JRF20200601-165515-908606+2396,1036671,0.01,SELL,0,-1122
2020-06-02 01:56:01,JRF20200601-165600-461170+5790,1036611,0.01,SELL,0,-1122
2020-06-02 01:56:16,JRF20200601-165616-019221+0959,1036725,0.01,SELL,0,-1122
2020-06-02 01:56:32,JRF20200601-165630-346864+0843,1036708,0.01,SELL,0,-1122
2020-06-02 01:56:46,JRF20200601-165645-896703+8999,1036846,0.01,SELL,0,-1122
2020-06-02 01:57:10,JRF20200601-165700-570010+6958,1037433,0.01,SELL,0,-1122
2020-06-02 01:57:16,JRF20200601-165715-912369+4698,1037228,0.01,SELL,0,-1122
2020-06-02 01:57:32,JRF20200601-165731-028532+5427,1036850,0.01,SELL,0,-1122
2020-06-02 02:00:16,JRF20200601-170015-804654+0750,1037427,0.01,SELL,0,-1122
2020-06-02 02:05:16,JRF20200601-153331-565885+6901,0,0,CLEAR,0,-1122
2020-06-02 02:05:16,JRF20200601-153345-776404+7637,1030001,0.00228301,SELL,0,-1122
2020-06-02 02:05:16,,0,0,PROFIT,-60,-1182
2020-06-02 02:05:31,JRF20200601-153345-776404+7637,0,0,CLEAR,0,-1182
2020-06-02 02:05:31,JRF20200601-153400-997376+4705,1030239,0.00228301,SELL,0,-1182
2020-06-02 02:05:31,,0,0,PROFIT,-57,-1239
2020-06-02 02:05:46,JRF20200601-153400-997376+4705,0,0,CLEAR,0,-1239
2020-06-02 02:05:46,JRF20200601-153415-996717+8679,0,0,CLEAR,0,-1239
2020-06-02 02:05:46,JRF20200601-153415-996717+8529,1030319,0.00228301,SELL,0,-1239
2020-06-02 02:05:46,,0,0,PROFIT,-54,-1293
2020-06-02 02:06:02,JRF20200601-153415-996717+8529,0,0,CLEAR,0,-1293
2020-06-02 02:06:02,JRF20200601-153430-227114+8692,1030311,0.00228301,SELL,0,-1293
2020-06-02 02:06:02,,0,0,PROFIT,-50,-1343
2020-06-02 02:07:33,JRF20200601-153430-227114+8692,0,0,CLEAR,0,-1343
2020-06-02 02:07:33,JRF20200601-153445-119696+1661,1030136,0.00228301,SELL,0,-1343
2020-06-02 02:07:33,,0,0,PROFIT,-54,-1397
2020-06-02 02:07:49,JRF20200601-153445-119696+1661,0,0,CLEAR,0,-1397
2020-06-02 02:07:49,JRF20200601-153501-337739+2620,1030671,0.00228301,SELL,0,-1397
2020-06-02 02:07:49,,0,0,PROFIT,-52,-1449
2020-06-02 02:08:33,JRF20200601-153501-337739+2620,0,0,CLEAR,0,-1449
2020-06-02 02:08:33,JRF20200601-153832-332639+5464,1030685,0.00228301,SELL,0,-1449
2020-06-02 02:08:33,,0,0,PROFIT,-48,-1497
2020-06-02 02:10:16,JRF20200601-153832-332639+5464,0,0,CLEAR,0,-1497
2020-06-02 02:10:16,JRF20200601-153930-447198+6198,1030778,0.00228301,SELL,0,-1497
2020-06-02 02:10:16,,0,0,PROFIT,-45,-1542
2020-06-02 02:10:33,JRF20200601-153930-447198+6198,0,0,CLEAR,0,-1542
2020-06-02 02:10:33,JRF20200601-153946-447269+9409,1030751,0.00228301,SELL,0,-1542
2020-06-02 02:10:33,,0,0,PROFIT,-44,-1586
2020-06-02 02:10:46,JRF20200601-153946-447269+9409,0,0,CLEAR,0,-1586
2020-06-02 02:10:46,JRF20200601-154001-561351+2765,1030953,0.00228301,SELL,0,-1586
2020-06-02 02:10:46,,0,0,PROFIT,-42,-1628
2020-06-02 02:11:01,JRF20200601-154001-561351+2765,0,0,CLEAR,0,-1628
2020-06-02 02:11:01,JRF20200601-154015-567297+1480,1030860,0.00228301,SELL,0,-1628
2020-06-02 02:11:01,,0,0,PROFIT,-39,-1667
2020-06-02 02:11:16,JRF20200601-154015-567297+1480,0,0,CLEAR,0,-1667
2020-06-02 02:11:16,JRF20200601-154030-014598+3117,1030545,0.00228301,SELL,0,-1667
2020-06-02 02:11:16,,0,0,PROFIT,-45,-1712
2020-06-02 02:11:47,JRF20200601-154030-014598+3117,0,0,CLEAR,0,-1712
2020-06-02 02:11:47,JRF20200601-155347-018312+7865,1030201,0.00228301,SELL,0,-1712
2020-06-02 02:11:47,,0,0,PROFIT,-49,-1761
2020-06-02 02:11:52,JRF20200601-155347-018312+7865,0,0,CLEAR,0,-1761
2020-06-02 02:11:52,JRF20200601-155415-123122+3891,1030067,0.00228301,SELL,0,-1761
2020-06-02 02:11:52,,0,0,PROFIT,-50,-1811
2020-06-02 02:12:02,JRF20200601-155415-123122+3891,0,0,CLEAR,0,-1811
2020-06-02 02:12:02,JRF20200601-155431-900231+0940,1030068,0.00228301,SELL,0,-1811
2020-06-02 02:12:02,,0,0,PROFIT,-49,-1860
2020-06-02 02:19:46,JRF20200601-155431-900231+0940,0,0,CLEAR,0,-1860
2020-06-02 02:19:46,JRF20200601-155517-569985+6887,1029799,0.00228301,SELL,0,-1860
2020-06-02 02:19:46,,0,0,PROFIT,-47,-1907
2020-06-02 02:27:01,JRF20200601-172700-794323+5137,1035878,0.01,SELL,0,-1907
2020-06-02 02:27:18,JRF20200601-172716-801864+3123,1035623,0.01,SELL,0,-1907
2020-06-02 02:30:16,JRF20200601-173015-917272+4660,1036047,0.01,SELL,0,-1907
2020-06-02 02:30:32,JRF20200601-173031-140087+9046,1035563,0.01,SELL,0,-1907
2020-06-02 02:31:36,JRF20200601-173130-587201+2198,1035575,0.01,SELL,0,-1907
2020-06-02 02:32:46,JRF20200601-173245-467547+0502,1035685,0.01,SELL,0,-1907
2020-06-02 02:32:58,JRF20200601-173231-248104+2874,1036071,0.01,SELL,0,-1907
2020-06-02 02:33:17,JRF20200601-173300-802890+0604,1036058,0.01,SELL,0,-1907
2020-06-02 02:33:18,JRF20200601-173316-031907+3694,1035855,0.01,SELL,0,-1907
2020-06-02 02:33:38,JRF20200601-173330-025627+4739,1035573,0.01,SELL,0,-1907
2020-06-02 02:40:09,JRF20200601-174004-026801+6177,1036564,0.01,SELL,0,-1907
2020-06-02 02:40:17,JRF20200601-174016-796648+2080,1036165,0.01,SELL,0,-1907
2020-06-02 02:40:33,JRF20200601-174031-798808+9582,1036503,0.01,SELL,0,-1907
2020-06-02 02:40:47,JRF20200601-174046-920016+9131,1036470,0.01,SELL,0,-1907
2020-06-02 02:51:18,JRF20200601-155517-569985+6887,0,0,CLEAR,0,-1907
2020-06-02 02:51:18,JRF20200601-155530-569921+7037,1030425,0.00228301,SELL,0,-1907
2020-06-02 02:51:18,,0,0,PROFIT,-44,-1951
2020-06-02 02:52:27,JRF20200601-155530-569921+7037,0,0,CLEAR,0,-1951
2020-06-02 02:52:27,JRF20200601-155547-128332+4066,1030298,0.00228301,SELL,0,-1951
2020-06-02 02:52:27,,0,0,PROFIT,-44,-1995
2020-06-02 02:55:07,JRF20200601-175501-255299+7459,1035233,0.00476812,SELL,0,-1995
2020-06-02 02:55:07,JRF20200601-175501-255299+1216,1035233,0.00523188,SELL,0,-1995
2020-06-02 03:00:50,JRF20200601-180046-923449+8805,1035786,0.01,SELL,0,-1995
2020-06-02 03:02:17,JRF20200601-180217-034027+3067,1036326,0.01,SELL,0,-1995
2020-06-02 03:03:21,JRF20200601-180318-923031+2325,1036045,0.01,SELL,0,-1995
2020-06-02 03:06:31,JRF20200601-155547-128332+4066,0,0,CLEAR,0,-1995
2020-06-02 03:06:31,JRF20200601-155600-453884+5413,0,0,CLEAR,0,-1995
2020-06-02 03:06:31,JRF20200601-155600-453884+3997,1030470,0.00228301,SELL,0,-1995
2020-06-02 03:06:31,,0,0,PROFIT,-49,-2044
2020-06-02 03:08:31,JRF20200601-155600-453884+3997,0,0,CLEAR,0,-2044
2020-06-02 03:08:31,JRF20200601-155615-558741+9684,1030503,0.00228301,SELL,0,-2044
2020-06-02 03:08:31,,0,0,PROFIT,-48,-2092
2020-06-02 03:08:47,JRF20200601-155615-558741+9684,0,0,CLEAR,0,-2092
2020-06-02 03:08:47,JRF20200601-155645-900650+6134,1030132,0.00228301,SELL,0,-2092
2020-06-02 03:08:47,,0,0,PROFIT,-50,-2142
2020-06-02 03:09:02,JRF20200601-155645-900650+6134,0,0,CLEAR,0,-2142
2020-06-02 03:09:02,JRF20200601-155705-778408+2757,1030300,0.00228301,SELL,0,-2142
2020-06-02 03:09:02,,0,0,PROFIT,-49,-2191
2020-06-02 03:09:42,JRF20200601-155705-778408+2757,0,0,CLEAR,0,-2191
2020-06-02 03:09:42,JRF20200601-155715-570245+7513,1030351,0.00228301,SELL,0,-2191
2020-06-02 03:09:42,,0,0,PROFIT,-48,-2239
2020-06-02 03:10:04,JRF20200601-155715-570245+7513,0,0,CLEAR,0,-2239
2020-06-02 03:10:04,JRF20200601-155745-900830+2682,1030200,0.00228301,SELL,0,-2239
2020-06-02 03:10:04,,0,0,PROFIT,-51,-2290
2020-06-02 03:10:50,JRF20200601-155745-900830+2682,0,0,CLEAR,0,-2290
2020-06-02 03:10:50,JRF20200601-155801-455919+5999,1030362,0.00228301,SELL,0,-2290
2020-06-02 03:10:50,,0,0,PROFIT,-47,-2337
2020-06-02 03:11:01,JRF20200601-155801-455919+5999,0,0,CLEAR,0,-2337
2020-06-02 03:11:01,JRF20200601-155815-123816+0709,1030438,0.00228301,SELL,0,-2337
2020-06-02 03:11:01,,0,0,PROFIT,-44,-2381
2020-06-02 03:11:25,JRF20200601-155815-123816+0709,0,0,CLEAR,0,-2381
2020-06-02 03:11:25,JRF20200601-155831-015054+2426,1030177,0.00228301,SELL,0,-2381
2020-06-02 03:11:25,,0,0,PROFIT,-46,-2427
2020-06-02 03:12:16,JRF20200601-155831-015054+2426,0,0,CLEAR,0,-2427
2020-06-02 03:12:16,JRF20200601-155916-017930+3689,1030746,0.00228301,SELL,0,-2427
2020-06-02 03:12:16,,0,0,PROFIT,-48,-2475
2020-06-02 03:12:32,JRF20200601-155916-017930+3689,0,0,CLEAR,0,-2475
2020-06-02 03:12:32,JRF20200601-155931-456213+3601,1031068,0.00228301,SELL,0,-2475
2020-06-02 03:12:32,,0,0,PROFIT,-46,-2521
2020-06-02 03:13:06,JRF20200601-155931-456213+3601,0,0,CLEAR,0,-2521
2020-06-02 03:13:06,JRF20200601-155945-234768+1405,1030952,0.00228301,SELL,0,-2521
2020-06-02 03:13:06,,0,0,PROFIT,-44,-2565
2020-06-02 03:13:06,JRF20200601-155945-234768+1405,0,0,CLEAR,0,-2565
2020-06-02 03:13:06,JRF20200601-160002-570867+4440,1031096,0.00228301,SELL,0,-2565
2020-06-02 03:13:06,,0,0,PROFIT,-43,-2608
2020-06-02 03:13:19,JRF20200601-160002-570867+4440,0,0,CLEAR,0,-2608
2020-06-02 03:13:19,JRF20200601-160101-886603+4537,1029743,0.00228301,SELL,0,-2608
2020-06-02 03:13:19,,0,0,PROFIT,-53,-2661
2020-06-02 03:13:38,JRF20200601-160101-886603+4537,0,0,CLEAR,0,-2661
2020-06-02 03:13:38,JRF20200601-160200-015680+7115,1029542,0.00228301,SELL,0,-2661
2020-06-02 03:13:38,,0,0,PROFIT,-58,-2719
2020-06-02 03:16:46,JRF20200601-160200-015680+7115,0,0,CLEAR,0,-2719
2020-06-02 03:16:46,JRF20200601-160231-571278+8966,1030030,0.00228301,SELL,0,-2719
2020-06-02 03:16:46,,0,0,PROFIT,-47,-2766
2020-06-02 03:17:07,JRF20200601-160231-571278+8966,0,0,CLEAR,0,-2766
2020-06-02 03:17:07,JRF20200601-160245-456768+7864,1030713,0.00228301,SELL,0,-2766
2020-06-02 03:17:07,,0,0,PROFIT,-40,-2806
2020-06-02 03:17:16,JRF20200601-160245-456768+7864,0,0,CLEAR,0,-2806
2020-06-02 03:17:16,JRF20200601-160301-894052+7332,1031455,0.00228301,SELL,0,-2806
2020-06-02 03:17:16,,0,0,PROFIT,-30,-2836
2020-06-02 03:27:48,JRF20200601-182746-367992+1811,1034927,0.01,SELL,0,-2836
2020-06-02 03:28:16,JRF20200601-182815-041123+9138,1034831,0.01,SELL,0,-2836
2020-06-02 03:28:32,JRF20200601-182830-260749+3518,1034979,0.01,SELL,0,-2836
2020-06-02 03:28:32,JRF20200601-182801-590734+9592,1034982,0.01,SELL,0,-2836
2020-06-02 03:28:49,JRF20200601-182848-596960+4651,1035109,0.01,SELL,0,-2836
2020-06-02 03:30:34,JRF20200601-160301-894052+7332,0,0,CLEAR,0,-2836
2020-06-02 03:30:34,JRF20200601-160331-015962+3559,1032158,0.00228301,SELL,0,-2836
2020-06-02 03:30:34,,0,0,PROFIT,-27,-2863
2020-06-02 03:30:40,JRF20200601-160331-015962+3559,0,0,CLEAR,0,-2863
2020-06-02 03:30:40,JRF20200601-164130-242521+0481,1035085,0.00228301,SELL,0,-2863
2020-06-02 03:30:40,,0,0,PROFIT,-1,-2864
2020-06-02 03:35:31,JRF20200601-164130-242521+0481,0,0,CLEAR,0,-2864
2020-06-02 03:35:31,JRF20200601-164145-578567+5460,1035131,0.00228301,SELL,0,-2864
2020-06-02 03:35:31,,0,0,PROFIT,8,-2856
2020-06-02 03:36:45,JRF20200601-164145-578567+5460,0,0,CLEAR,0,-2856
2020-06-02 03:36:45,JRF20200601-165500-022224+1311,1036630,0.00228301,SELL,0,-2856
2020-06-02 03:36:45,,0,0,PROFIT,24,-2832
2020-06-02 03:38:02,JRF20200601-165500-022224+1311,0,0,CLEAR,0,-2832
2020-06-02 03:38:02,JRF20200601-165530-800232+3696,1036598,0.00228301,SELL,0,-2832
2020-06-02 03:38:02,,0,0,PROFIT,28,-2804
2020-06-02 03:38:22,JRF20200601-165530-800232+3696,0,0,CLEAR,0,-2804
2020-06-02 03:38:22,JRF20200601-165515-908606+2396,1036671,0.00228301,SELL,0,-2804
2020-06-02 03:38:22,,0,0,PROFIT,30,-2774
2020-06-02 03:38:35,JRF20200601-165515-908606+2396,0,0,CLEAR,0,-2774
2020-06-02 03:38:35,JRF20200601-165600-461170+5790,1036611,0.00228301,SELL,0,-2774
2020-06-02 03:38:35,,0,0,PROFIT,30,-2744
2020-06-02 03:38:56,JRF20200601-165600-461170+5790,0,0,CLEAR,0,-2744
2020-06-02 03:38:56,JRF20200601-165616-019221+0959,1036725,0.00228301,SELL,0,-2744
2020-06-02 03:38:56,,0,0,PROFIT,29,-2715
2020-06-02 03:39:02,JRF20200601-165616-019221+0959,0,0,CLEAR,0,-2715
2020-06-02 03:39:02,JRF20200601-165630-346864+0843,1036708,0.00228301,SELL,0,-2715
2020-06-02 03:39:02,,0,0,PROFIT,28,-2687
2020-06-02 03:39:17,JRF20200601-165630-346864+0843,0,0,CLEAR,0,-2687
2020-06-02 03:39:17,JRF20200601-165645-896703+8999,1036846,0.00228301,SELL,0,-2687
2020-06-02 03:39:17,,0,0,PROFIT,28,-2659
2020-06-02 03:39:31,JRF20200601-165645-896703+8999,0,0,CLEAR,0,-2659
2020-06-02 03:39:31,JRF20200601-165700-570010+6958,1037433,0.00228301,SELL,0,-2659
2020-06-02 03:39:31,,0,0,PROFIT,32,-2627
2020-06-02 03:44:17,JRF20200601-165700-570010+6958,0,0,CLEAR,0,-2627
2020-06-02 03:44:17,JRF20200601-165715-912369+4698,1037228,0.00228301,SELL,0,-2627
2020-06-02 03:44:17,,0,0,PROFIT,29,-2598
2020-06-02 03:44:32,JRF20200601-165715-912369+4698,0,0,CLEAR,0,-2598
2020-06-02 03:44:32,JRF20200601-165731-028532+5427,1036850,0.00228301,SELL,0,-2598
2020-06-02 03:44:32,,0,0,PROFIT,25,-2573
2020-06-02 03:44:46,JRF20200601-165731-028532+5427,0,0,CLEAR,0,-2573
2020-06-02 03:44:46,JRF20200601-170015-804654+0750,1037427,0.00228301,SELL,0,-2573
2020-06-02 03:44:46,,0,0,PROFIT,29,-2544
2020-06-02 03:45:02,JRF20200601-170015-804654+0750,0,0,CLEAR,0,-2544
2020-06-02 03:45:02,JRF20200601-172700-794323+5137,1035878,0.00228301,SELL,0,-2544
2020-06-02 03:45:02,,0,0,PROFIT,17,-2527
2020-06-02 03:52:18,JRF20200601-172700-794323+5137,0,0,CLEAR,0,-2527
2020-06-02 03:52:18,JRF20200601-172716-801864+3123,1035623,0.00228301,SELL,0,-2527
2020-06-02 03:52:18,,0,0,PROFIT,15,-2512
2020-06-02 03:52:34,JRF20200601-172716-801864+3123,0,0,CLEAR,0,-2512
2020-06-02 03:52:34,JRF20200601-173015-917272+4660,1036047,0.00228301,SELL,0,-2512
2020-06-02 03:52:34,,0,0,PROFIT,18,-2494
2020-06-02 04:12:17,JRF20200601-173015-917272+4660,0,0,CLEAR,0,-2494
2020-06-02 04:12:17,JRF20200601-173031-140087+9046,1035563,0.00228301,SELL,0,-2494
2020-06-02 04:12:17,,0,0,PROFIT,3,-2491
2020-06-02 04:16:59,JRF20200601-191647-049525+6530,1035621,0.01,SELL,0,-2491
2020-06-02 04:17:02,JRF20200601-191701-482219+6409,1035556,0.01,SELL,0,-2491
2020-06-02 04:17:25,JRF20200601-191716-040682+8134,1035572,0.01,SELL,0,-2491
2020-06-02 04:17:32,JRF20200601-191731-502539+7897,1035476,0.01,SELL,0,-2491
2020-06-02 04:19:48,JRF20200601-191946-502838+2205,1035954,0.01,SELL,0,-2491
2020-06-02 04:20:46,JRF20200601-192036-930674+9845,1035698,0.01,SELL,0,-2491
2020-06-02 04:21:22,JRF20200601-192120-591807+2433,1035546,0.01,SELL,0,-2491
2020-06-02 04:21:48,JRF20200601-192145-503177+6679,1035803,0.01,SELL,0,-2491
2020-06-02 04:22:04,JRF20200601-192202-482982+4126,1036227,0.01,SELL,0,-2491
2020-06-02 04:22:31,JRF20200601-192230-818534+0661,1036028,0.01,SELL,0,-2491
2020-06-02 04:26:08,JRF20200601-192601-503754+8022,1036270,0.01,SELL,0,-2491
2020-06-02 04:26:42,JRF20200601-192620-931547+2130,1036350,0.01,SELL,0,-2491
2020-06-02 04:27:04,JRF20200601-192700-819189+3627,1036290,0.01,SELL,0,-2491
2020-06-02 04:27:06,JRF20200601-192648-931613+6550,1036405,0.01,SELL,0,-2491
2020-06-02 04:27:16,JRF20200601-192715-711732+7642,1036857,0.01,SELL,0,-2491
2020-06-02 04:42:23,JRF20200601-173031-140087+9046,0,0,CLEAR,0,-2491
2020-06-02 04:42:23,JRF20200601-173130-587201+2198,1035575,0.00228301,SELL,0,-2491
2020-06-02 04:42:23,,0,0,PROFIT,-14,-2505
2020-06-02 04:42:36,JRF20200601-173130-587201+2198,0,0,CLEAR,0,-2505
2020-06-02 04:42:36,JRF20200601-173245-467547+0502,1035685,0.00228301,SELL,0,-2505
2020-06-02 04:42:36,,0,0,PROFIT,-13,-2518
2020-06-02 04:44:47,JRF20200601-173245-467547+0502,0,0,CLEAR,0,-2518
2020-06-02 04:44:47,JRF20200601-173231-248104+2874,1036071,0.00228301,SELL,0,-2518
2020-06-02 04:44:47,,0,0,PROFIT,-20,-2538
2020-06-02 04:45:07,JRF20200601-173231-248104+2874,0,0,CLEAR,0,-2538
2020-06-02 04:45:07,JRF20200601-173300-802890+0604,1036058,0.00228301,SELL,0,-2538
2020-06-02 04:45:07,,0,0,PROFIT,-18,-2556
2020-06-02 04:49:36,JRF20200601-173300-802890+0604,0,0,CLEAR,0,-2556
2020-06-02 04:49:36,JRF20200601-173316-031907+3694,1035855,0.00228301,SELL,0,-2556
2020-06-02 04:49:36,,0,0,PROFIT,6,-2550
2020-06-02 04:49:46,JRF20200601-173316-031907+3694,1035855,0.00140168,SELL,0,-2550
2020-06-02 04:49:46,,0,0,PROFIT,1,-2549
2020-06-02 04:50:02,JRF20200601-173316-031907+3694,0,0,CLEAR,0,-2549
2020-06-02 04:50:02,JRF20200601-173330-025627+4739,1035573,0.00140168,SELL,0,-2549
2020-06-02 04:50:02,,0,0,PROFIT,2,-2547
2020-06-02 04:50:31,JRF20200601-173330-025627+4739,0,0,CLEAR,0,-2547
2020-06-02 04:50:31,JRF20200601-174004-026801+6177,1036564,0.00140168,SELL,0,-2547
2020-06-02 04:50:31,,0,0,PROFIT,8,-2539
2020-06-02 04:50:40,JRF20200601-174004-026801+6177,0,0,CLEAR,0,-2539
2020-06-02 04:50:40,JRF20200601-174016-796648+2080,1036165,0.00140168,SELL,0,-2539
2020-06-02 04:50:40,,0,0,PROFIT,8,-2531
2020-06-02 04:51:39,JRF20200601-174016-796648+2080,0,0,CLEAR,0,-2531
2020-06-02 04:51:39,JRF20200601-174031-798808+9582,1036503,0.00140168,SELL,0,-2531
2020-06-02 04:51:39,,0,0,PROFIT,11,-2520
2020-06-02 04:52:31,JRF20200601-174031-798808+9582,0,0,CLEAR,0,-2520
2020-06-02 04:52:31,JRF20200601-174046-920016+9131,1036470,0.00140168,SELL,0,-2520
2020-06-02 04:52:31,,0,0,PROFIT,18,-2502
2020-06-02 04:52:47,JRF20200601-174046-920016+9131,0,0,CLEAR,0,-2502
2020-06-02 04:52:47,JRF20200601-175501-255299+7459,0,0,CLEAR,0,-2502
2020-06-02 04:52:47,JRF20200601-175501-255299+1216,1035233,0.00140168,SELL,0,-2502
2020-06-02 04:52:47,,0,0,PROFIT,3,-2499
2020-06-02 04:53:02,JRF20200601-175501-255299+1216,0,0,CLEAR,0,-2499
2020-06-02 04:53:02,JRF20200601-180046-923449+8805,1035786,0.00140168,SELL,0,-2499
2020-06-02 04:53:02,,0,0,PROFIT,10,-2489
2020-06-02 04:53:17,JRF20200601-180046-923449+8805,0,0,CLEAR,0,-2489
2020-06-02 04:53:17,JRF20200601-180217-034027+3067,1036326,0.00140168,SELL,0,-2489
2020-06-02 04:53:17,,0,0,PROFIT,13,-2476
2020-06-02 04:53:31,JRF20200601-180217-034027+3067,0,0,CLEAR,0,-2476
2020-06-02 04:53:31,JRF20200601-180318-923031+2325,1036045,0.00140168,SELL,0,-2476
2020-06-02 04:53:31,,0,0,PROFIT,11,-2465
2020-06-02 04:53:47,JRF20200601-180318-923031+2325,0,0,CLEAR,0,-2465
2020-06-02 04:53:47,JRF20200601-182746-367992+1811,1034927,0.00140168,SELL,0,-2465
2020-06-02 04:53:47,,0,0,PROFIT,2,-2463
2020-06-02 04:56:02,JRF20200601-182746-367992+1811,0,0,CLEAR,0,-2463
2020-06-02 04:56:02,JRF20200601-182815-041123+9138,1034831,0.00140168,SELL,0,-2463
2020-06-02 04:56:02,,0,0,PROFIT,12,-2451
2020-06-02 04:56:17,JRF20200601-182815-041123+9138,0,0,CLEAR,0,-2451
2020-06-02 04:56:17,JRF20200601-182830-260749+3518,1034979,0.00140168,SELL,0,-2451
2020-06-02 04:56:17,,0,0,PROFIT,19,-2432
2020-06-02 04:56:38,JRF20200601-182830-260749+3518,0,0,CLEAR,0,-2432
2020-06-02 04:56:38,JRF20200601-182801-590734+9592,1034982,0.00140168,SELL,0,-2432
2020-06-02 04:56:38,,0,0,PROFIT,12,-2420
2020-06-02 04:56:46,JRF20200601-182801-590734+9592,0,0,CLEAR,0,-2420
2020-06-02 04:56:46,JRF20200601-182848-596960+4651,1035109,0.00140168,SELL,0,-2420
2020-06-02 04:56:46,,0,0,PROFIT,15,-2405
2020-06-02 04:57:03,JRF20200601-182848-596960+4651,0,0,CLEAR,0,-2405
2020-06-02 04:57:03,JRF20200601-191647-049525+6530,1035621,0.00140168,SELL,0,-2405
2020-06-02 04:57:03,,0,0,PROFIT,21,-2384
2020-06-02 04:58:31,JRF20200601-191647-049525+6530,0,0,CLEAR,0,-2384
2020-06-02 04:58:31,JRF20200601-191701-482219+6409,1035556,0.00140168,SELL,0,-2384
2020-06-02 04:58:31,,0,0,PROFIT,15,-2369
2020-06-02 04:59:01,JRF20200601-191701-482219+6409,0,0,CLEAR,0,-2369
2020-06-02 04:59:01,JRF20200601-191716-040682+8134,1035572,0.00140168,SELL,0,-2369
2020-06-02 04:59:01,,0,0,PROFIT,15,-2354
2020-06-02 04:59:03,JRF20200601-191716-040682+8134,0,0,CLEAR,0,-2354
2020-06-02 04:59:03,JRF20200601-191731-502539+7897,1035476,0.00140168,SELL,0,-2354
2020-06-02 04:59:03,,0,0,PROFIT,15,-2339
2020-06-02 05:02:22,JRF20200601-191731-502539+7897,0,0,CLEAR,0,-2339
2020-06-02 05:02:22,JRF20200601-191946-502838+2205,1035954,0.00140168,SELL,0,-2339
2020-06-02 05:02:22,,0,0,PROFIT,20,-2319
2020-06-02 05:02:31,JRF20200601-191946-502838+2205,0,0,CLEAR,0,-2319
2020-06-02 05:02:31,JRF20200601-192036-930674+9845,1035698,0.00273481,SELL,0,-2319
2020-06-02 05:02:31,,0,0,PROFIT,18,-2301
2020-06-02 05:02:31,JRF20200601-192036-930674+9845,1035698,0.00140168,SELL,0,-2301
2020-06-02 05:02:31,,0,0,PROFIT,3,-2298
2020-06-02 05:04:04,JRF20200601-192036-930674+9845,0,0,CLEAR,0,-2298
2020-06-02 05:04:04,JRF20200601-192120-591807+2433,1035546,0.00140168,SELL,0,-2298
2020-06-02 05:04:04,,0,0,PROFIT,16,-2282
2020-06-02 05:04:46,JRF20200601-192120-591807+2433,0,0,CLEAR,0,-2282
2020-06-02 05:04:46,JRF20200601-192145-503177+6679,1035803,0.00490825,SELL,0,-2282
2020-06-02 05:04:46,,0,0,PROFIT,17,-2265
2020-06-02 05:04:46,JRF20200601-192145-503177+6679,1035803,0.00140168,SELL,0,-2265
2020-06-02 05:04:46,,0,0,PROFIT,9,-2256
2020-06-02 05:05:01,JRF20200601-192145-503177+6679,0,0,CLEAR,0,-2256
2020-06-02 05:05:01,JRF20200601-192202-482982+4126,1036227,0.00140168,SELL,0,-2256
2020-06-02 05:05:01,,0,0,PROFIT,27,-2229
2020-06-02 05:05:26,JRF20200601-192202-482982+4126,0,0,CLEAR,0,-2229
2020-06-02 05:05:26,JRF20200601-192230-818534+0661,1036028,0.00140168,SELL,0,-2229
2020-06-02 05:05:26,,0,0,PROFIT,30,-2199
2020-06-02 05:06:06,JRF20200601-192230-818534+0661,0,0,CLEAR,0,-2199
2020-06-02 05:06:06,JRF20200601-192601-503754+8022,1036270,0.00140168,SELL,0,-2199
2020-06-02 05:06:06,,0,0,PROFIT,36,-2163
2020-06-02 05:06:16,JRF20200601-192601-503754+8022,0,0,CLEAR,0,-2163
2020-06-02 05:06:16,JRF20200601-192620-931547+2130,1036350,0.00140168,SELL,0,-2163
2020-06-02 05:06:16,,0,0,PROFIT,36,-2127
2020-06-02 05:13:05,JRF20200601-201301-377518+0517,1034630,0.01,SELL,0,-2127
2020-06-02 05:13:18,JRF20200601-201317-500310+9332,1034481,0.01,SELL,0,-2127
2020-06-02 05:13:37,JRF20200601-201336-491737+8255,1034719,0.01,SELL,0,-2127
2020-06-02 05:13:54,JRF20200601-201345-830816+2578,1034945,0.01,SELL,0,-2127
2020-06-02 05:16:46,JRF20200601-201645-056605+7370,1034807,0.01,SELL,0,-2127
2020-06-02 05:17:12,JRF20200601-201701-273005+3731,1035097,0.01,SELL,0,-2127
2020-06-02 05:17:17,JRF20200601-201715-054185+9548,1035357,0.01,SELL,0,-2127
2020-06-02 05:17:31,JRF20200601-201730-056741+5162,1035671,0.01,SELL,0,-2127
2020-06-02 05:17:47,JRF20200601-201745-613224+8253,1035438,0.01,SELL,0,-2127
2020-06-02 05:18:01,JRF20200601-201800-056812+3732,1035625,0.01,SELL,0,-2127
2020-06-02 05:18:16,JRF20200601-201815-054342+4131,1035431,0.01,SELL,0,-2127
2020-06-02 05:18:45,JRF20200601-201835-942859+1993,1035477,0.01,SELL,0,-2127
2020-06-02 05:19:45,JRF20200601-201945-276658+2140,1035926,0.01,SELL,0,-2127
2020-06-02 05:20:05,JRF20200601-202000-512921+3448,1035681,0.01,SELL,0,-2127
2020-06-02 05:20:45,JRF20200601-202025-493599+5192,1035887,0.01,SELL,0,-2127
2020-06-02 05:21:02,JRF20200601-202101-276855+7718,1035999,0.01,SELL,0,-2127
2020-06-02 05:21:19,JRF20200601-202117-276892+5306,1036180,0.01,SELL,0,-2127
2020-06-02 05:21:32,JRF20200601-202131-498632+5092,1036122,0.01,SELL,0,-2127
2020-06-02 05:25:40,JRF20200601-202535-055504+7671,1036922,0.01,SELL,0,-2127
2020-06-02 05:25:57,JRF20200601-202545-499390+4336,1036898,0.01,SELL,0,-2127
2020-06-02 05:26:03,JRF20200601-202601-723704+5324,1036965,0.01,SELL,0,-2127
2020-06-02 05:29:20,JRF20200601-202915-514389+1497,1036651,0.01,SELL,0,-2127
2020-06-02 05:29:33,JRF20200601-202931-508555+6996,1036768,0.01,SELL,0,-2127
2020-06-02 05:30:35,JRF20200601-203034-503085+6622,1036608,0.01,SELL,0,-2127
2020-06-02 05:35:17,JRF20200601-203516-945506+0470,1037422,0.01,SELL,0,-2127
2020-06-02 05:35:31,JRF20200601-203530-834313+2990,1037665,0.01,SELL,0,-2127
2020-06-02 05:37:46,JRF20200601-203745-723364+6986,1036796,0.01,SELL,0,-2127
2020-06-02 05:38:25,JRF20200601-203818-057467+0838,1037128,0.01,SELL,0,-2127
2020-06-02 05:38:36,JRF20200601-203836-279730+1568,1037240,0.01,SELL,0,-2127
2020-06-02 05:38:53,JRF20200601-203845-174160+1709,1037337,0.01,SELL,0,-2127
2020-06-02 05:45:05,JRF20200601-204501-277485+9746,1039391,0.01,SELL,0,-2127
2020-06-02 05:45:57,JRF20200601-204550-061344+8494,1044822,0.01,SELL,0,-2127
2020-06-02 05:45:59,JRF20200601-204553-402770+5039,1044619,0.01,SELL,0,-2127
2020-06-02 05:46:13,JRF20200601-204605-517186+3375,1043748,0.01,SELL,0,-2127
2020-06-02 05:46:18,JRF20200601-204617-061415+4155,1044065,0.01,SELL,0,-2127
2020-06-02 05:46:31,JRF20200601-204630-947488+4592,1044009,0.01,SELL,0,-2127
2020-06-02 05:46:46,JRF20200601-204645-400923+9751,1044606,0.01,SELL,0,-2127
2020-06-02 05:47:01,JRF20200601-204700-511486+2455,1044823,0.01,SELL,0,-2127
2020-06-02 05:47:16,JRF20200601-204715-277954+4840,1044793,0.01,SELL,0,-2127
2020-06-02 05:47:37,JRF20200601-204730-383384+9149,1044320,0.00056761,SELL,0,-2127
2020-06-02 05:47:37,JRF20200601-204730-383384+5749,1044320,0.00943239,SELL,0,-2127
2020-06-02 05:47:46,JRF20200601-204745-945050+0102,1044391,0.01,SELL,0,-2127
2020-06-02 05:48:01,JRF20200601-204801-837822+9888,1044702,0.01,SELL,0,-2127
2020-06-02 05:48:16,JRF20200601-204816-517649+3104,1045154,0.01,SELL,0,-2127
2020-06-02 05:48:33,JRF20200601-204830-061869+4156,1044860,0.01,SELL,0,-2127
2020-06-02 05:48:49,JRF20200601-204845-498366+2637,1044783,0.01,SELL,0,-2127
2020-06-02 05:50:02,JRF20200601-205001-176280+1612,1044919,0.00551708,SELL,0,-2127
2020-06-02 05:50:02,JRF20200601-205001-176280+4113,1044919,0.00448292,SELL,0,-2127
2020-06-02 05:50:32,JRF20200601-205031-059688+4317,1046200,0.01,SELL,0,-2127
2020-06-02 06:03:05,JRF20200601-192620-931547+2130,0,0,CLEAR,0,-2127
2020-06-02 06:03:05,JRF20200601-192700-819189+3627,1036290,0.00140168,SELL,0,-2127
2020-06-02 06:03:05,,0,0,PROFIT,-73,-2200
2020-06-02 06:03:17,JRF20200601-192700-819189+3627,0,0,CLEAR,0,-2200
2020-06-02 06:03:17,JRF20200601-192648-931613+6550,1036405,0.00140168,SELL,0,-2200
2020-06-02 06:03:17,,0,0,PROFIT,-54,-2254
2020-06-02 06:03:34,JRF20200601-192648-931613+6550,0,0,CLEAR,0,-2254
2020-06-02 06:03:34,JRF20200601-192715-711732+7642,1036857,0.00140168,SELL,0,-2254
2020-06-02 06:03:34,,0,0,PROFIT,-49,-2303
2020-06-02 06:04:03,JRF20200601-192715-711732+7642,0,0,CLEAR,0,-2303
2020-06-02 06:04:03,JRF20200601-201301-377518+0517,1034630,0.00140168,SELL,0,-2303
2020-06-02 06:04:03,,0,0,PROFIT,-80,-2383
2020-06-02 06:04:20,JRF20200601-201301-377518+0517,0,0,CLEAR,0,-2383
2020-06-02 06:04:20,JRF20200601-201317-500310+9332,1034481,0.00140168,SELL,0,-2383
2020-06-02 06:04:20,,0,0,PROFIT,-90,-2473
2020-06-02 06:04:33,JRF20200601-201317-500310+9332,0,0,CLEAR,0,-2473
2020-06-02 06:04:33,JRF20200601-201336-491737+8255,1034719,0.00140168,SELL,0,-2473
2020-06-02 06:04:33,,0,0,PROFIT,-90,-2563
2020-06-02 06:04:46,JRF20200601-201336-491737+8255,0,0,CLEAR,0,-2563
2020-06-02 06:04:46,JRF20200601-201345-830816+2578,1034945,0.00140168,SELL,0,-2563
2020-06-02 06:04:46,,0,0,PROFIT,-85,-2648
2020-06-02 06:05:02,JRF20200601-201345-830816+2578,0,0,CLEAR,0,-2648
2020-06-02 06:05:02,JRF20200601-201645-056605+7370,1034807,0.00140168,SELL,0,-2648
2020-06-02 06:05:02,,0,0,PROFIT,-86,-2734
2020-06-02 06:05:21,JRF20200601-201645-056605+7370,0,0,CLEAR,0,-2734
2020-06-02 06:05:21,JRF20200601-201701-273005+3731,1035097,0.00140168,SELL,0,-2734
2020-06-02 06:05:21,,0,0,PROFIT,-85,-2819
2020-06-02 06:05:32,JRF20200601-201701-273005+3731,0,0,CLEAR,0,-2819
2020-06-02 06:05:32,JRF20200601-201715-054185+9548,1035357,0.00140168,SELL,0,-2819
2020-06-02 06:05:32,,0,0,PROFIT,-83,-2902
2020-06-02 06:05:47,JRF20200601-201715-054185+9548,0,0,CLEAR,0,-2902
2020-06-02 06:05:47,JRF20200601-201730-056741+5162,1035671,0.00140168,SELL,0,-2902
2020-06-02 06:05:47,,0,0,PROFIT,-77,-2979
2020-06-02 06:08:01,JRF20200601-201730-056741+5162,0,0,CLEAR,0,-2979
2020-06-02 06:08:01,JRF20200601-201745-613224+8253,1035438,0.00140168,SELL,0,-2979
2020-06-02 06:08:01,,0,0,PROFIT,-83,-3062
2020-06-02 06:08:17,JRF20200601-201745-613224+8253,0,0,CLEAR,0,-3062
2020-06-02 06:08:17,JRF20200601-201800-056812+3732,1035625,0.00140168,SELL,0,-3062
2020-06-02 06:08:17,,0,0,PROFIT,-85,-3147
2020-06-02 06:08:31,JRF20200601-201800-056812+3732,0,0,CLEAR,0,-3147
2020-06-02 06:08:31,JRF20200601-201815-054342+4131,1035431,0.00140168,SELL,0,-3147
2020-06-02 06:08:31,,0,0,PROFIT,-89,-3236
2020-06-02 06:08:52,JRF20200601-201815-054342+4131,0,0,CLEAR,0,-3236
2020-06-02 06:08:52,JRF20200601-201835-942859+1993,1035477,0.00140168,SELL,0,-3236
2020-06-02 06:08:52,,0,0,PROFIT,-91,-3327
2020-06-02 06:09:02,JRF20200601-201835-942859+1993,0,0,CLEAR,0,-3327
2020-06-02 06:09:02,JRF20200601-201945-276658+2140,1035926,0.00140168,SELL,0,-3327
2020-06-02 06:09:02,,0,0,PROFIT,-87,-3414
2020-06-02 06:09:16,JRF20200601-201945-276658+2140,0,0,CLEAR,0,-3414
2020-06-02 06:09:16,JRF20200601-202000-512921+3448,1035681,0.00140168,SELL,0,-3414
2020-06-02 06:09:16,,0,0,PROFIT,-87,-3501
2020-06-02 06:11:01,JRF20200601-202000-512921+3448,0,0,CLEAR,0,-3501
2020-06-02 06:11:01,JRF20200601-202025-493599+5192,1035887,0.00140168,SELL,0,-3501
2020-06-02 06:11:01,,0,0,PROFIT,-83,-3584
2020-06-02 06:11:17,JRF20200601-202025-493599+5192,0,0,CLEAR,0,-3584
2020-06-02 06:11:17,JRF20200601-202101-276855+7718,1035999,0.00140168,SELL,0,-3584
2020-06-02 06:11:17,,0,0,PROFIT,-82,-3666
2020-06-02 06:11:32,JRF20200601-202101-276855+7718,0,0,CLEAR,0,-3666
2020-06-02 06:11:32,JRF20200601-202117-276892+5306,1036180,0.00140168,SELL,0,-3666
2020-06-02 06:11:32,,0,0,PROFIT,-80,-3746
2020-06-02 06:11:46,JRF20200601-202117-276892+5306,0,0,CLEAR,0,-3746
2020-06-02 06:11:46,JRF20200601-202131-498632+5092,1036122,0.00140168,SELL,0,-3746
2020-06-02 06:11:46,,0,0,PROFIT,-81,-3827
2020-06-02 06:12:01,JRF20200601-202131-498632+5092,0,0,CLEAR,0,-3827
2020-06-02 06:12:01,JRF20200601-202535-055504+7671,1036922,0.00140168,SELL,0,-3827
2020-06-02 06:12:01,,0,0,PROFIT,-72,-3899
2020-06-02 06:12:17,JRF20200601-202535-055504+7671,0,0,CLEAR,0,-3899
2020-06-02 06:12:17,JRF20200601-202545-499390+4336,1036898,0.00140168,SELL,0,-3899
2020-06-02 06:12:17,,0,0,PROFIT,-75,-3974
2020-06-02 06:13:48,JRF20200601-211346-070686+7007,1045350,0.01,SELL,0,-3974
2020-06-02 06:14:06,JRF20200601-211400-623018+8455,1045529,0.01,SELL,0,-3974
2020-06-02 06:14:16,JRF20200601-211415-623078+9210,1045746,0.01,SELL,0,-3974
2020-06-02 06:14:47,JRF20200601-211445-732170+9663,1045756,0.01,SELL,0,-3974
2020-06-02 06:14:47,JRF20200601-211430-405847+3750,1045780,0.01,SELL,0,-3974
2020-06-02 06:15:02,JRF20200601-211501-845471+7596,1045816,0.01,SELL,0,-3974
2020-06-02 06:15:19,JRF20200601-211516-623264+9813,1045813,0.01,SELL,0,-3974
2020-06-02 06:15:49,JRF20200601-211546-064095+5248,1045015,0.01,SELL,0,-3974
2020-06-02 06:16:02,JRF20200601-211601-845651+7857,1045059,0.01,SELL,0,-3974
2020-06-02 06:16:16,JRF20200601-211615-408203+7125,1044958,0.01,SELL,0,-3974
2020-06-02 06:16:32,JRF20200601-211630-842824+5810,1045249,0.01,SELL,0,-3974
2020-06-02 06:16:45,JRF20200601-211645-845748+8284,1045246,0.01,SELL,0,-3974
2020-06-02 06:17:03,JRF20200601-211701-837909+5090,1045301,0.01,SELL,0,-3974
2020-06-02 06:17:48,JRF20200601-211745-403341+8049,1045875,0.01,SELL,0,-3974
2020-06-02 06:18:01,JRF20200601-211800-838048+2922,1045984,0.01,SELL,0,-3974
2020-06-02 06:18:26,JRF20200601-211816-953065+9660,1045986,0.00778726,SELL,0,-3974
2020-06-02 06:18:26,JRF20200601-211816-953065+0524,1045986,0.00221274,SELL,0,-3974
2020-06-02 06:18:31,JRF20200601-211831-730498+8267,1046030,0.01,SELL,0,-3974
2020-06-02 06:19:01,JRF20200601-211900-403176+2893,1046114,0.01,SELL,0,-3974
2020-06-02 06:21:16,JRF20200601-212115-517451+1714,1045468,0.01,SELL,0,-3974
2020-06-02 06:23:31,JRF20200601-212330-512094+1885,1045033,0.01,SELL,0,-3974
2020-06-02 06:23:46,JRF20200601-212346-842677+4001,1044982,0.01,SELL,0,-3974
2020-06-02 06:24:06,JRF20200601-212401-839029+4713,1045429,0.01,SELL,0,-3974
2020-06-02 06:24:17,JRF20200601-212416-403880+5198,1045532,0.01,SELL,0,-3974
2020-06-02 06:36:05,JRF20200601-202545-499390+4336,0,0,CLEAR,0,-3974
2020-06-02 06:36:05,JRF20200601-202601-723704+5324,1036965,0.00140168,SELL,0,-3974
2020-06-02 06:36:05,,0,0,PROFIT,-76,-4050
2020-06-02 06:36:17,JRF20200601-202601-723704+5324,0,0,CLEAR,0,-4050
2020-06-02 06:36:17,JRF20200601-202915-514389+1497,1036651,0.00140168,SELL,0,-4050
2020-06-02 06:36:17,,0,0,PROFIT,-77,-4127
2020-06-02 06:36:47,JRF20200601-202915-514389+1497,0,0,CLEAR,0,-4127
2020-06-02 06:36:47,JRF20200601-202931-508555+6996,1036768,0.00140168,SELL,0,-4127
2020-06-02 06:36:47,,0,0,PROFIT,-66,-4193
2020-06-02 06:40:02,JRF20200601-202931-508555+6996,0,0,CLEAR,0,-4193
2020-06-02 06:40:02,JRF20200601-203034-503085+6622,1036608,0.00140168,SELL,0,-4193
2020-06-02 06:40:02,,0,0,PROFIT,-68,-4261
2020-06-02 06:40:36,JRF20200601-203034-503085+6622,0,0,CLEAR,0,-4261
2020-06-02 06:40:36,JRF20200601-203516-945506+0470,1037422,0.00140168,SELL,0,-4261
2020-06-02 06:40:36,,0,0,PROFIT,-62,-4323
2020-06-02 06:42:03,JRF20200601-203516-945506+0470,0,0,CLEAR,0,-4323
2020-06-02 06:42:03,JRF20200601-203530-834313+2990,1037665,0.00140168,SELL,0,-4323
2020-06-02 06:42:03,,0,0,PROFIT,-60,-4383
2020-06-02 06:51:01,JRF20200601-203530-834313+2990,0,0,CLEAR,0,-4383
2020-06-02 06:51:01,JRF20200601-203745-723364+6986,1036796,0.00140168,SELL,0,-4383
2020-06-02 06:51:01,,0,0,PROFIT,-67,-4450
2020-06-02 06:51:18,JRF20200601-203745-723364+6986,0,0,CLEAR,0,-4450
2020-06-02 06:51:18,JRF20200601-203818-057467+0838,1037128,0.00140168,SELL,0,-4450
2020-06-02 06:51:18,,0,0,PROFIT,-67,-4517
2020-06-02 06:51:31,JRF20200601-203818-057467+0838,0,0,CLEAR,0,-4517
2020-06-02 06:51:31,JRF20200601-203836-279730+1568,1037240,0.00140168,SELL,0,-4517
2020-06-02 06:51:31,,0,0,PROFIT,-69,-4586
2020-06-02 06:51:47,JRF20200601-203836-279730+1568,0,0,CLEAR,0,-4586
2020-06-02 06:51:47,JRF20200601-203845-174160+1709,1037337,0.00140168,SELL,0,-4586
2020-06-02 06:51:47,,0,0,PROFIT,-67,-4653
2020-06-02 06:52:09,JRF20200601-203845-174160+1709,0,0,CLEAR,0,-4653
2020-06-02 06:52:09,JRF20200601-204501-277485+9746,1039391,0.00140168,SELL,0,-4653
2020-06-02 06:52:09,,0,0,PROFIT,-50,-4703
2020-06-02 06:52:16,JRF20200601-204501-277485+9746,0,0,CLEAR,0,-4703
2020-06-02 06:52:16,JRF20200601-204550-061344+8494,1044822,0.00140168,SELL,0,-4703
2020-06-02 06:52:16,,0,0,PROFIT,-1,-4704
2020-06-02 07:00:48,JRF20200601-220046-078187+4315,1045866,0.01,SELL,0,-4704
2020-06-02 07:01:01,JRF20200601-220100-182530+2655,1045954,0.01,SELL,0,-4704
2020-06-02 07:11:02,JRF20200601-204550-061344+8494,0,0,CLEAR,0,-4704
2020-06-02 07:11:02,JRF20200601-204553-402770+5039,1044619,0.00140168,SELL,0,-4704
2020-06-02 07:11:02,,0,0,PROFIT,-2,-4706
2020-06-02 07:11:21,JRF20200601-204553-402770+5039,0,0,CLEAR,0,-4706
2020-06-02 07:11:21,JRF20200601-204605-517186+3375,1043748,0.00140168,SELL,0,-4706
2020-06-02 07:11:21,,0,0,PROFIT,-11,-4717
2020-06-02 07:11:48,JRF20200601-204605-517186+3375,0,0,CLEAR,0,-4717
2020-06-02 07:11:48,JRF20200601-204617-061415+4155,1044065,0.00140168,SELL,0,-4717
2020-06-02 07:11:48,,0,0,PROFIT,-8,-4725
2020-06-02 07:11:48,JRF20200601-204617-061415+4155,0,0,CLEAR,0,-4725
2020-06-02 07:11:48,JRF20200601-204630-947488+4592,1044009,0.00140168,SELL,0,-4725
2020-06-02 07:11:48,,0,0,PROFIT,-8,-4733
2020-06-02 07:12:01,JRF20200601-204630-947488+4592,0,0,CLEAR,0,-4733
2020-06-02 07:12:01,JRF20200601-204645-400923+9751,1044606,0.00140168,SELL,0,-4733
2020-06-02 07:12:01,,0,0,PROFIT,-2,-4735
2020-06-02 07:17:04,JRF20200601-221701-292625+6254,1044798,0.01,SELL,0,-4735
2020-06-02 07:17:37,JRF20200601-221730-185043+8065,1044654,0.01,SELL,0,-4735
2020-06-02 07:17:47,JRF20200601-221746-633134+2984,1044713,0.01,SELL,0,-4735
2020-06-02 07:18:01,JRF20200601-221800-415813+4406,1044780,0.01,SELL,0,-4735
2020-06-02 07:18:23,JRF20200601-221816-190621+4290,1045280,0.01,SELL,0,-4735
2020-06-02 07:18:32,JRF20200601-221830-303531+0582,1045513,0.01,SELL,0,-4735
2020-06-02 07:18:50,JRF20200601-221845-851394+7425,1045687,0.01,SELL,0,-4735
2020-06-02 07:19:08,JRF20200601-221901-076662+5555,1045488,0.01,SELL,0,-4735
2020-06-02 07:19:16,JRF20200601-221915-962765+3459,1045757,0.01,SELL,0,-4735
2020-06-02 07:19:45,JRF20200601-221930-960121+5070,1045414,0.01,SELL,0,-4735
2020-06-02 07:19:46,JRF20200601-221945-070865+6414,1045500,0.01,SELL,0,-4735
2020-06-02 07:20:19,JRF20200601-222015-398705+1939,1045766,0.01,SELL,0,-4735
2020-06-02 07:20:32,JRF20200601-222030-963674+4522,1045963,0.01,SELL,0,-4735
2020-06-02 07:20:47,JRF20200601-222046-081420+2538,1045606,0.01,SELL,0,-4735
2020-06-02 07:21:02,JRF20200601-222101-742868+2553,1045553,0.01,SELL,0,-4735
2020-06-02 07:36:02,JRF20200601-204645-400923+9751,0,0,CLEAR,0,-4735
2020-06-02 07:36:02,JRF20200601-204700-511486+2455,1044823,0.00140168,SELL,0,-4735
2020-06-02 07:36:02,,0,0,PROFIT,-21,-4756
2020-06-02 07:36:21,JRF20200601-204700-511486+2455,0,0,CLEAR,0,-4756
2020-06-02 07:36:21,JRF20200601-204715-277954+4840,1044793,0.00140168,SELL,0,-4756
2020-06-02 07:36:21,,0,0,PROFIT,-20,-4776
2020-06-02 07:36:33,JRF20200601-204715-277954+4840,0,0,CLEAR,0,-4776
2020-06-02 07:36:33,JRF20200601-204730-383384+9149,0,0,CLEAR,0,-4776
2020-06-02 07:36:33,JRF20200601-204730-383384+5749,1044320,0.00140168,SELL,0,-4776
2020-06-02 07:36:33,,0,0,PROFIT,-22,-4798
2020-06-02 07:36:46,JRF20200601-204730-383384+5749,0,0,CLEAR,0,-4798
2020-06-02 07:36:46,JRF20200601-204745-945050+0102,1044391,0.00140168,SELL,0,-4798
2020-06-02 07:36:46,,0,0,PROFIT,-28,-4826
