1591023661.168046,1032327.0,-6,-29,-2,-33,0.07771699,00:01:01,0
1591023720.265481,1031941.0,-6,-29,-2,-63,0.07771699,00:02:00,0
1591023780.304238,1031434.0,-6,-29,-2,-102,0.07771699,00:03:00,0
1591023840.738552,1026600,-6,-29,-2,-478,0.07771699,00:04:00,0
1591023900.882811,1025993.0,-6,-29,-2,-525,0.07771699,00:05:00,0
1591023960.965206,1027038.0,-6,-29,-2,-444,0.07771699,00:06:00,0
1591024021.176008,1027236.0,-6,-29,-2,-428,0.07771699,00:07:01,0
1591024080.578512,1027831.0,-6,-29,-2,-382,0.07771699,00:08:00,0
1591024140.424514,1027797.0,-6,-29,-2,-385,0.07771699,00:09:00,0
1591024204.491796,1027267.0,-6,-29,-2,-426,0.07771699,00:10:04,0
1591024261.254678,1026626.0,-6,-29,-2,-476,0.07771699,00:11:01,0
1591024320.921846,1026628.0,-6,-29,-2,-475,0.07771699,00:12:00,0
1591024380.832875,1027325.0,-6,-29,-2,-421,0.07771699,00:13:00,0
1591024440.350355,1028135.0,-6,-29,-2,-358,0.07771699,00:14:00,0
1591024500.821241,1028072.0,-6,-29,-99,-265,0.05771699,00:15:00,0
1591024561.464372,1027740.0,-6,-29,-258,-127,0.02771699,00:16:01,0
1591024620.396974,1028129.0,-6,-29,-389,-2,-0.00228301,00:17:00,0
1591024680.733068,1027627.0,-6,-29,-389,0,-0.00228301,00:18:00,0
1591024740.596719,1027972.0,-6,-29,-389,-1,-0.00228301,00:19:00,0
1591024801.032289,1028512.0,-6,-29,-389,-3,-0.00228301,00:20:01,0
1591024861.112599,1028519.0,-6,-29,-389,-5,-0.04228301,00:21:01,0
1591024921.007411,1028389.0,-6,-29,-389,-1,-0.06228301,00:22:01,0
1591024981.037847,1028169.0,-6,-29,-389,14,-0.08228301,00:23:01,0
1591025042.155517,1028366.0,-6,-29,-389,-2,-0.08228301,00:24:02,0
1591025100.388064,1028300.0,-6,-29,-389,3,-0.08228301,00:25:00,0
1591025161.423365,1028556.0,-6,-29,-389,-16,-0.09228301,00:26:01,0
1591025221.447538,1029500.0,-6,-29,-389,-105,-0.13228301,00:27:01,0
1591025281.358945,1029068.0,-6,-29,-389,-39,-0.17228301,00:28:01,0
1591025340.97536,1028911.0,-6,-29,-389,-8,-0.19228301,00:29:00,0
1591025401.407563,1028926.0,-6,-29,-389,-11,-0.19228301,00:30:01,0
1591025461.061915,1029999.0,-6,-29,-389,-226,-0.21228301,00:31:01,0
1591025521.100405,1030429.0,-6,-29,-389,-325,-0.25228301,00:32:01,0
1591025581.090303,1029503.0,-6,-29,-389,-67,-0.27228301,00:33:01,0
1591025640.849168,1030212.0,-6,-29,-389,-271,-0.30228301,00:34:00,0
1591025701.320362,1030671.0,-6,-29,-389,-427,-0.34228301,00:35:01,0
1591025760.969087,1030657.0,-6,-29,-389,-422,-0.35228301,00:36:00,0
1591025820.616834,1030680.0,-6,-29,-389,-430,-0.35228301,00:37:00,0
1591025880.791937,1030847.0,-6,-29,-389,-489,-0.35228301,00:38:00,0
1591025940.911796,1030240.0,-6,-29,-389,-271,-0.36228301,00:39:00,0
1591026001.421267,1030915.0,-6,-29,-389,-518,-0.38228301,00:40:01,0
1591026060.56019,1030351.0,-6,-29,-389,-289,-0.41228301,00:41:00,0
1591026120.967112,1030047.0,-6,-29,-389,-164,-0.41228301,00:42:00,0
1591026180.840836,1030197.0,-6,-29,-428,-191,-0.39228301,00:43:00,0
1591026241.01061,1029832.0,-6,-29,-493,12,-0.35228301,00:44:01,0
1591026301.446595,1029914.0,-6,-29,-531,17,-0.33228301,00:45:01,0
1591026360.997417,1030297.0,-6,-29,-563,-70,-0.30228301,00:46:00,0
1591026420.853451,1029552.0,-6,-29,-566,153,-0.29228301,00:47:00,0
1591026481.787314,1029589.0,-6,-29,-566,143,-0.29228301,00:48:01,0
1591026542.018812,1029412.0,-6,-29,-568,191,-0.26228301,00:49:02,0
1591026600.550411,1029408.0,-6,-29,-568,192,-0.26228301,00:50:00,0
1591026662.991204,1029542.0,-6,-29,-572,159,-0.25228301,00:51:02,0
1591026720.854367,1029737.0,-6,-29,-572,110,-0.25228301,00:52:00,0
1591026781.145764,1030033.0,-6,-29,-572,35,-0.25228301,00:53:01,0
1591026840.982915,1030206.0,-6,-29,-572,-8,-0.26228301,00:54:00,0
1591026900.509701,1029589.0,-6,-29,-572,163,-0.28228301,00:55:00,0
1591026960.898334,1030471.0,-6,-29,-572,-95,-0.31228301,00:56:00,0
1591027020.072127,1030039.0,-6,-29,-572,50,-0.34228301,00:57:00,0
1591027081.592582,1030333.0,-6,-29,-572,-52,-0.37228301,00:58:01,0
1591027140.338309,1030395.0,-6,-29,-572,-77,-0.40228301,00:59:00,0
1591027202.142886,1031186,-6,-29,-572,-403,-0.43228301,01:00:02,0
1591027261.614454,1029730.0,-6,-29,-572,240,-0.44228301,01:01:01,0
1591027320.965727,1029505.0,-6,-29,-572,341,-0.45228301,01:02:00,0
1591027380.377191,1031218.0,-6,-29,-572,-467,-0.48228301,01:03:00,0
1591027441.356822,1032120,-6,-29,-572,-908,-0.50228301,01:04:01,0
1591027500.693881,1031756.0,-6,-29,-572,-725,-0.50228301,01:05:00,0
1591027560.516909,1031643.0,-6,-29,-572,-669,-0.50228301,01:06:00,0
1591027620.491416,1033820.0,-6,-29,-572,-1762,-0.50228301,01:07:00,0
1591027680.62464,1034532.0,-6,-29,-572,-2120,-0.50228301,01:08:00,0
1591027740.604045,1034856.0,-6,-29,-572,-2282,-0.50228301,01:09:00,0
1591027800.367407,1034786.0,-6,-29,-572,-2247,-0.50228301,01:10:00,0
1591027861.639326,1036655,-6,-29,-572,-3186,-0.50228301,01:11:01,0
1591027920.32728,1035637.0,-6,-29,-572,-2675,-0.50228301,01:12:00,0
1591027980.391707,1035277.0,-6,-29,-572,-2494,-0.50228301,01:13:00,0
1591028040.413053,1035437.0,-6,-29,-572,-2574,-0.50228301,01:14:00,0
1591028100.329021,1035213.0,-6,-29,-572,-2462,-0.50228301,01:15:00,0
1591028160.389234,1035458.0,-6,-29,-572,-2585,-0.50228301,01:16:00,0
1591028220.285608,1035766.0,-6,-29,-572,-2739,-0.50228301,01:17:00,0
1591028281.234998,1036117.0,-6,-29,-572,-2916,-0.50228301,01:18:01,0
1591028340.381203,1038050.0,-6,-29,-572,-3887,-0.50228301,01:19:00,0
1591028401.438248,1037921.0,-6,-29,-572,-3822,-0.50228301,01:20:01,0
1591028460.844928,1036314.0,-6,-29,-572,-3015,-0.50228301,01:21:00,0
1591028520.466281,1036945.0,-6,-29,-572,-3332,-0.50228301,01:22:00,0
1591028580.659202,1037369.0,-6,-29,-572,-3545,-0.50228301,01:23:00,0
1591028640.362172,1036939.0,-6,-29,-572,-3329,-0.50228301,01:24:00,0
1591028700.651114,1037006.0,-6,-29,-572,-3362,-0.50228301,01:25:00,0
1591028761.720611,1037494,-6,-29,-572,-3607,-0.50228301,01:26:01,0
1591028820.381966,1037296.0,-6,-29,-572,-3508,-0.50228301,01:27:00,0
1591028880.571452,1033752.0,-6,-29,-572,-1728,-0.50228301,01:28:00,0
1591028940.797669,1032668.0,-6,-29,-572,-1183,-0.50228301,01:29:00,0
1591029001.081577,1033912.0,-6,-29,-669,-1712,-0.48228301,01:30:01,0
1591029060.867064,1033397.0,-6,-29,-829,-1308,-0.44228301,01:31:00,0
1591029120.584128,1034427.0,-6,-29,-870,-1717,-0.43228301,01:32:00,0
1591029180.25118,1034061.0,-6,-29,-870,-1559,-0.43228301,01:33:00,0
1591029241.057295,1034202.0,-6,-29,-870,-1620,-0.43228301,01:34:01,0
1591029301.560138,1033857.0,-6,-29,-870,-1471,-0.43228301,01:35:01,0
1591029360.593375,1033180.0,-6,-29,-870,-1178,-0.43228301,01:36:00,0
1591029420.457054,1033975.0,-6,-29,-870,-1522,-0.43228301,01:37:00,0
1591029480.544757,1034048.0,-6,-29,-898,-1518,-0.42228301,01:38:00,0
1591029540.603396,1034526.0,-6,-29,-898,-1720,-0.42228301,01:39:00,0
1591029600.809673,1034064.0,-6,-29,-898,-1525,-0.42228301,01:40:00,0
1591029660.663414,1034450.0,-6,-29,-898,-1688,-0.42228301,01:41:00,0
1591029720.642848,1035064.0,-6,-29,-898,-1947,-0.43228301,01:42:00,0
1591029780.416428,1035148.0,-6,-29,-898,-1984,-0.44228301,01:43:00,0
1591029840.53583,1035193.0,-6,-29,-898,-2004,-0.44228301,01:44:00,0
1591029900.629948,1035018.0,-6,-29,-898,-1926,-0.44228301,01:45:00,0
1591029960.869471,1034547.0,-6,-29,-938,-1678,-0.43228301,01:46:00,0
1591030021.413402,1034485.0,-6,-29,-938,-1651,-0.43228301,01:47:01,0
1591030080.748514,1034878.0,-6,-29,-938,-1821,-0.43228301,01:48:00,0
1591030140.427086,1035301.0,-6,-29,-938,-2004,-0.43228301,01:49:00,0
1591030200.49384,1034765.0,-6,-29,-938,-1772,-0.43228301,01:50:00,0
1591030262.406542,1034770.0,-6,-29,-938,-1774,-0.43228301,01:51:02,0
1591030321.362134,1034963.0,-6,-29,-979,-1814,-0.42228301,01:52:01,0
1591030380.322123,1035655.0,-6,-29,-1122,-1941,-0.39228301,01:53:00,0
1591030440.868074,1036041.0,-6,-29,-1122,-2092,-0.39228301,01:54:00,0
1591030500.887751,1036615.0,-6,-29,-1122,-2318,-0.39228301,01:55:00,0
1591030561.052397,1036580.0,-6,-29,-1122,-2302,-0.42228301,01:56:01,0
1591030620.920995,1037364.0,-6,-29,-1122,-2659,-0.46228301,01:57:00,0
1591030681.165085,1036912.0,-6,-29,-1122,-2442,-0.49228301,01:58:01,0
1591030740.413323,1036669.0,-6,-29,-1122,-2323,-0.49228301,01:59:00,0
1591030801.094673,1037159.0,-6,-29,-1122,-2564,-0.49228301,02:00:01,0
1591030860.388339,1037565.0,-6,-29,-1122,-2765,-0.50228301,02:01:00,0
1591030921.315206,1037350.0,-6,-29,-1122,-2657,-0.50228301,02:02:01,0
1591030980.373223,1036894.0,-6,-29,-1122,-2428,-0.50228301,02:03:00,0
1591031041.278255,1036105.0,-6,-29,-1122,-2032,-0.50228301,02:04:01,0
1591031101.575521,1036094.0,-6,-29,-1122,-2026,-0.50228301,02:05:01,0
1591031161.402329,1035251.0,-6,-29,-1293,-1450,-0.47228301,02:06:01,0
1591031220.627854,1035611.0,-6,-29,-1343,-1567,-0.46228301,02:07:00,0
1591031280.318088,1035790.0,-6,-29,-1449,-1541,-0.44228301,02:08:00,0
1591031340.367904,1035687.0,-6,-29,-1497,-1446,-0.43228301,02:09:00,0
1591031402.167649,1034971.0,-6,-29,-1497,-1136,-0.43228301,02:10:02,0
1591031460.877124,1034810.0,-6,-29,-1628,-947,-0.40228301,02:11:00,0
1591031521.194057,1034977.0,-6,-29,-1811,-833,-0.36228301,02:12:01,0
1591031580.018785,1034802.0,-6,-29,-1860,-723,-0.35228301,02:13:00,0
1591031640.603728,1034830.0,-6,-29,-1860,-732,-0.35228301,02:14:00,0
1591031700.933929,1035041.0,-6,-29,-1860,-807,-0.35228301,02:15:00,0
1591031760.603639,1035070.0,-6,-29,-1860,-817,-0.35228301,02:16:00,0
1591031821.201389,1034976.0,-6,-29,-1860,-784,-0.35228301,02:17:01,0
1591031880.544432,1034847.0,-6,-29,-1860,-738,-0.35228301,02:18:00,0
1591031940.524519,1034565.0,-6,-29,-1860,-639,-0.35228301,02:19:00,0
1591032000.29044,1034646.0,-6,-29,-1907,-620,-0.34228301,02:20:00,0
1591032060.627136,1034252.0,-6,-29,-1907,-485,-0.34228301,02:21:00,0
1591032120.628644,1034446.0,-6,-29,-1907,-551,-0.34228301,02:22:00,0
1591032181.181099,1034937.0,-6,-29,-1907,-719,-0.34228301,02:23:01,0
1591032240.880118,1034999.0,-6,-29,-1907,-740,-0.34228301,02:24:00,0
1591032301.165575,1034932.0,-6,-29,-1907,-717,-0.34228301,02:25:01,0
1591032360.865074,1035653.0,-6,-29,-1907,-964,-0.34228301,02:26:00,0
1591032420.918817,1035814.0,-6,-29,-1907,-1019,-0.34228301,02:27:00,0
1591032480.618489,1035555.0,-6,-29,-1907,-927,-0.36228301,02:28:00,0
1591032540.823109,1035675.0,-6,-29,-1907,-971,-0.36228301,02:29:00,0
1591032600.308728,1035661.0,-6,-29,-1907,-965,-0.36228301,02:30:00,0
1591032661.559149,1035262.0,-6,-29,-1907,-810,-0.38228301,02:31:01,0
1591032721.150189,1035560.0,-6,-29,-1907,-924,-0.39228301,02:32:01,0
1591032780.624934,1036027.0,-6,-29,-1907,-1110,-0.41228301,02:33:00,0
1591032842.104527,1035701.0,-6,-29,-1907,-972,-0.44228301,02:34:02,0
1591032901.797001,1035618.0,-6,-29,-1907,-935,-0.44228301,02:35:01,0
1591032960.248708,1035956.0,-6,-29,-1907,-1084,-0.44228301,02:36:00,0
1591033020.622689,1036110.0,-6,-29,-1907,-1153,-0.44228301,02:37:00,0
1591033080.935897,1035477.0,-6,-29,-1907,-873,-0.44228301,02:38:00,0
1591033140.416357,1035500.0,-6,-29,-1907,-883,-0.44228301,02:39:00,0
1591033204.393249,1036265.0,-6,-29,-1907,-1221,-0.44228301,02:40:04,0
1591033261.888912,1036057.0,-6,-29,-1907,-1115,-0.48228301,02:41:01,0
1591033320.173663,1035792.0,-6,-29,-1907,-987,-0.48228301,02:42:00,0
1591033380.486911,1035731.0,-6,-29,-1907,-957,-0.48228301,02:43:00,0
1591033440.40013,1035429.0,-6,-29,-1907,-812,-0.48228301,02:44:00,0
1591033500.144718,1035560.0,-6,-29,-1907,-875,-0.48228301,02:45:00,0
1591033560.414529,1035409.0,-6,-29,-1907,-802,-0.48228301,02:46:00,0
1591033620.550424,1035144.0,-6,-29,-1907,-674,-0.48228301,02:47:00,0
1591033680.413186,1034777.0,-6,-29,-1907,-497,-0.48228301,02:48:00,0
1591033741.050565,1034904.0,-6,-29,-1907,-558,-0.48228301,02:49:01,0
1591033801.781048,1034653.0,-6,-29,-1907,-437,-0.48228301,02:50:01,0
1591033860.521034,1034700.0,-6,-29,-1907,-460,-0.48228301,02:51:00,0
1591033920.741912,1034837.0,-6,-29,-1951,-480,-0.47228301,02:52:00,0
1591033981.32364,1034838.0,-6,-29,-1995,-436,-0.46228301,02:53:01,0
1591034041.254986,1034517.0,-6,-29,-1995,-288,-0.46228301,02:54:01,0
1591034101.458284,1035170.0,-6,-29,-1995,-589,-0.46228301,02:55:01,0
1591034160.524191,1035363.0,-6,-29,-1995,-680,-0.47228301,02:56:00,0
1591034220.328107,1035438.0,-6,-29,-1995,-715,-0.47228301,02:57:00,0
1591034280.556579,1035590.0,-6,-29,-1995,-787,-0.47228301,02:58:00,0
1591034340.657632,1035410.0,-6,-29,-1995,-702,-0.47228301,02:59:00,0
1591034400.442624,1035192.0,-6,-29,-1995,-599,-0.47228301,03:00:00,0
1591034460.771188,1035808.0,-6,-29,-1995,-890,-0.48228301,03:01:00,0
1591034520.988927,1036140.0,-6,-29,-1995,-1050,-0.48228301,03:02:00,0
1591034580.508573,1035962.0,-6,-29,-1995,-961,-0.49228301,03:03:00,0
1591034640.419505,1036135.0,-6,-29,-1995,-1047,-0.50228301,03:04:00,0
1591034701.092339,1035974.0,-6,-29,-1995,-966,-0.50228301,03:05:01,0
1591034760.257469,1035526.0,-6,-29,-1995,-741,-0.50228301,03:06:00,0
1591034820.972646,1035603.0,-6,-29,-2044,-728,-0.49228301,03:07:00,0
1591034880.39895,1035474.0,-6,-29,-2044,-665,-0.49228301,03:08:00,0
1591034941.46732,1035121.0,-6,-29,-2142,-395,-0.47228301,03:09:01,0
1591035001.133993,1035383.0,-6,-29,-2239,-417,-0.45228301,03:10:01,0
1591035060.706533,1034883.0,-6,-29,-2337,-99,-0.43228301,03:11:00,0
1591035122.097978,1035278.0,-6,-29,-2427,-171,-0.41228301,03:12:02,0
1591035181.394101,1035398.0,-6,-29,-2521,-129,-0.39228301,03:13:01,0
1591035240.591575,1035325.0,-6,-29,-2719,96,-0.35228301,03:14:00,0
1591035301.753846,1035476.0,-6,-29,-2719,43,-0.35228301,03:15:01,0
1591035361.558924,1034488.0,-6,-29,-2719,391,-0.35228301,03:16:01,0
1591035421.095565,1034568.0,-6,-29,-2766,409,-0.34228301,03:17:01,0
1591035481.222115,1034238.0,-6,-29,-2836,589,-0.32228301,03:18:01,0
1591035540.372396,1035580.0,-6,-29,-2836,156,-0.32228301,03:19:00,0
1591035601.359418,1035725,-6,-29,-2836,110,-0.32228301,03:20:01,0
1591035660.641453,1035301.0,-6,-29,-2836,246,-0.32228301,03:21:00,0
1591035720.594173,1035327.0,-6,-29,-2836,238,-0.32228301,03:22:00,0
1591035780.642398,1034760.0,-6,-29,-2836,421,-0.32228301,03:23:00,0
1591035841.337657,1034785.0,-6,-29,-2836,413,-0.32228301,03:24:01,0
1591035900.474601,1034859.0,-6,-29,-2836,389,-0.32228301,03:25:00,0
1591035960.301304,1034546.0,-6,-29,-2836,490,-0.32228301,03:26:00,0
1591036020.555725,1034154.0,-6,-29,-2836,616,-0.32228301,03:27:00,0
1591036082.387221,1034854.0,-6,-29,-2836,391,-0.33228301,03:28:02,0
1591036141.227036,1035005.0,-6,-29,-2836,340,-0.37228301,03:29:01,0
1591036200.783473,1034517.0,-6,-29,-2836,521,-0.37228301,03:30:00,0
1591036260.597958,1034552.0,-6,-29,-2864,535,-0.35228301,03:31:00,0
1591036320.515898,1034889.0,-6,-29,-2864,416,-0.35228301,03:32:00,0
1591036380.262256,1034625.0,-6,-29,-2864,509,-0.35228301,03:33:00,0
1591036440.267173,1034894.0,-6,-29,-2864,415,-0.35228301,03:34:00,0
1591036501.072087,1034554.0,-6,-29,-2864,534,-0.35228301,03:35:01,0
1591036560.54049,1033800.0,-6,-29,-2856,787,-0.34228301,03:36:00,0
1591036622.06771,1033999.0,-6,-29,-2832,696,-0.33228301,03:37:02,0
1591036681.011576,1033822.0,-6,-29,-2832,755,-0.33228301,03:38:01,0
1591036741.684017,1033924.0,-6,-29,-2715,612,-0.29228301,03:39:01,0
1591036800.703894,1034328.0,-6,-29,-2627,415,-0.26228301,03:40:00,0
1591036860.806157,1033909.0,-6,-29,-2627,525,-0.26228301,03:41:00,0
1591036920.387699,1034867.0,-6,-29,-2627,274,-0.26228301,03:42:00,0
1591036982.40174,1034287.0,-6,-29,-2627,426,-0.26228301,03:43:02,0
1591037040.860283,1034336.0,-6,-29,-2627,413,-0.26228301,03:44:00,0
1591037101.810021,1034559.0,-6,-29,-2544,276,-0.23228301,03:45:01,0
1591037161.370406,1034419.0,-6,-29,-2527,291,-0.22228301,03:46:01,0
1591037220.826989,1034281.0,-6,-29,-2527,321,-0.22228301,03:47:00,0
1591037280.713694,1034407.0,-6,-29,-2527,293,-0.22228301,03:48:00,0
1591037340.967428,1034429.0,-6,-29,-2527,289,-0.22228301,03:49:00,0
1591037400.710301,1034568.0,-6,-29,-2527,258,-0.22228301,03:50:00,0
1591037460.646864,1034737.0,-6,-29,-2527,220,-0.22228301,03:51:00,0
1591037520.399447,1034277.0,-6,-29,-2527,322,-0.22228301,03:52:00,0
1591037580.480249,1034251.0,-6,-29,-2494,297,-0.20228301,03:53:00,0
1591037642.141333,1034916,-6,-29,-2494,162,-0.20228301,03:54:02,0
1591037700.947139,1035338.0,-6,-29,-2494,77,-0.20228301,03:55:00,0
1591037760.944713,1035422.0,-6,-29,-2494,60,-0.20228301,03:56:00,0
1591037820.704319,1035867.0,-6,-29,-2494,-30,-0.20228301,03:57:00,0
1591037880.67917,1035860.0,-6,-29,-2494,-29,-0.20228301,03:58:00,0
1591037940.960497,1035729.0,-6,-29,-2494,-2,-0.20228301,03:59:00,0
1591038000.800726,1035340.0,-6,-29,-2494,77,-0.20228301,04:00:00,0
1591038060.991535,1035289.0,-6,-29,-2494,87,-0.20228301,04:01:00,0
1591038120.026539,1035289.0,-6,-29,-2494,87,-0.20228301,04:02:00,0
1591038180.9663,1035289.0,-6,-29,-2494,87,-0.20228301,04:03:00,0
1591038240.831528,1035289.0,-6,-29,-2494,87,-0.20228301,04:04:00,0
1591038300.694799,1035289.0,-6,-29,-2494,87,-0.20228301,04:05:00,0
1591038360.721489,1035289.0,-6,-29,-2494,87,-0.20228301,04:06:00,0
1591038420.614164,1035289.0,-6,-29,-2494,87,-0.20228301,04:07:00,0
1591038480.796729,1035289.0,-6,-29,-2494,87,-0.20228301,04:08:00,0
1591038540.768898,1035289.0,-6,-29,-2494,87,-0.20228301,04:09:00,0
1591038600.697039,1035289.0,-6,-29,-2494,87,-0.20228301,04:10:00,0
1591038660.818695,1035289.0,-6,-29,-2494,87,-0.20228301,04:11:00,0
1591038720.702895,1035289.0,-6,-29,-2494,87,-0.20228301,04:12:00,0
1591038780.57884,1035882.0,-6,-29,-2491,-31,-0.19228301,04:13:00,0
1591038840.00581,1035837.0,-6,-29,-2491,-22,-0.19228301,04:14:00,0
1591038901.46817,1035613.0,-6,-29,-2491,21,-0.19228301,04:15:01,0
1591038960.843112,1035161.0,-6,-29,-2491,108,-0.19228301,04:16:00,0
1591039021.827636,1035533.0,-6,-29,-2491,37,-0.20228301,04:17:01,0
1591039081.870862,1035343.0,-6,-29,-2491,81,-0.23228301,04:18:01,0
1591039140.48271,1035036.0,-6,-29,-2491,153,-0.23228301,04:19:00,0
1591039200.754224,1035487.0,-6,-29,-2491,52,-0.24228301,04:20:00,0
1591039260.146025,1035756.0,-6,-29,-2491,-13,-0.25228301,04:21:00,0
1591039320.161402,1036009,-6,-29,-2491,-84,-0.27228301,04:22:00,0
1591039380.26436,1035810.0,-6,-29,-2491,-23,-0.29228301,04:23:00,0
1591039440.954077,1036025.0,-6,-29,-2491,-86,-0.29228301,04:24:00,0
1591039501.017246,1036238.0,-6,-29,-2491,-148,-0.29228301,04:25:01,0
1591039561.284741,1036244.0,-6,-29,-2491,-150,-0.29228301,04:26:01,0
1591039621.287331,1036263.0,-6,-29,-2491,-155,-0.31228301,04:27:01,0
1591039681.315834,1036746.0,-6,-29,-2491,-313,-0.34228301,04:28:01,0
1591039741.07585,1036850.0,-6,-29,-2491,-348,-0.34228301,04:29:01,0
1591039802.547762,1038027.0,-6,-29,-2491,-751,-0.34228301,04:30:02,0
1591039860.338672,1037528.0,-6,-29,-2491,-580,-0.34228301,04:31:00,0
1591039922.522347,1038325.0,-6,-29,-2491,-853,-0.34228301,04:32:02,0
1591039982.64976,1038366.0,-6,-29,-2491,-867,-0.34228301,04:33:02,0
1591040041.150624,1038610.0,-6,-29,-2491,-951,-0.34228301,04:34:01,0
1591040100.981674,1038227.0,-6,-29,-2491,-819,-0.34228301,04:35:00,0
1591040161.033302,1037773.0,-6,-29,-2491,-664,-0.34228301,04:36:01,0
1591040222.015929,1036639.0,-6,-29,-2491,-276,-0.34228301,04:37:02,0
1591040281.329372,1036381.0,-6,-29,-2491,-188,-0.34228301,04:38:01,0
1591040340.746603,1036865.0,-6,-29,-2491,-353,-0.34228301,04:39:00,0
1591040401.14198,1036759.0,-6,-29,-2491,-317,-0.34228301,04:40:01,0
1591040462.47931,1036959.0,-6,-29,-2491,-385,-0.34228301,04:41:02,0
1591040524.185849,1036981.0,-6,-29,-2491,-393,-0.34228301,04:42:04,0
1591040581.253103,1037313.0,-6,-29,-2518,-472,-0.32228301,04:43:01,0
1591040640.726537,1037773.0,-6,-29,-2518,-621,-0.32228301,04:44:00,0
1591040700.668444,1037923.0,-6,-29,-2538,-650,-0.31228301,04:45:00,0
1591040761.514026,1037690.0,-6,-29,-2556,-561,-0.30228301,04:46:01,0
1591040820.838953,1037814.0,-6,-29,-2556,-598,-0.30228301,04:47:00,0
1591040881.269009,1037244.0,-6,-29,-2556,-426,-0.30228301,04:48:01,0
1591040940.154349,1037015.0,-6,-29,-2556,-357,-0.30228301,04:49:00,0
1591041001.084143,1035399.0,-6,-29,-2549,126,-0.29140168,04:50:01,0
1591041061.35442,1035525.0,-6,-29,-2531,73,-0.26140168,04:51:01,0
1591041121.033089,1035329.0,-6,-29,-2520,113,-0.25140168,04:52:01,0
1591041181.054537,1034739.0,-6,-29,-2499,237,-0.23140168,04:53:01,0
1591041241.469108,1034752.0,-6,-29,-2463,193,-0.19140168,04:54:01,0
1591041301.111297,1034050.0,-6,-29,-2463,327,-0.19140168,04:55:01,0
1591041361.593126,1033650.0,-6,-29,-2463,404,-0.19140168,04:56:01,0
1591041422.627017,1033496.0,-6,-29,-2405,374,-0.15140168,04:57:02,0
1591041481.122735,1034484.0,-6,-29,-2384,214,-0.14140168,04:58:01,0
1591041541.18618,1034042.0,-6,-29,-2369,261,-0.13140168,04:59:01,0
1591041600.476007,1033961.0,-6,-29,-2339,241,-0.11140168,05:00:00,0
1591041661.603035,1034229.0,-6,-29,-2339,211,-0.11140168,05:01:01,0
1591041721.34144,1033649.0,-6,-29,-2339,275,-0.11140168,05:02:01,0
1591041780.280895,1033557.0,-6,-29,-2298,241,-0.09140168,05:03:00,0
1591041842.146443,1033992.0,-6,-29,-2298,201,-0.09140168,05:04:02,0
1591041901.268192,1033392.0,-6,-29,-2256,210,-0.07140168,05:05:01,0
1591041960.319582,1032968.0,-6,-29,-2199,178,-0.05140168,05:06:00,0
1591042021.594555,1033713.0,-6,-29,-2127,88,-0.03140168,05:07:01,0
1591042080.453941,1034045.0,-6,-29,-2127,77,-0.03140168,05:08:00,0
1591042140.251575,1034043.0,-6,-29,-2127,77,-0.03140168,05:09:00,0
1591042201.475406,1034081,-6,-29,-2127,76,-0.03140168,05:10:01,0
1591042263.45403,1034090.0,-6,-29,-2127,76,-0.03140168,05:11:03,0
1591042321.088911,1034541.0,-6,-29,-2127,62,-0.03140168,05:12:01,0
1591042381.443911,1034589.0,-6,-29,-2127,60,-0.03140168,05:13:01,0
1591042440.93373,1034863.0,-6,-29,-2127,45,-0.07140168,05:14:00,0
1591042501.274252,1034808.0,-6,-29,-2127,49,-0.07140168,05:15:01,0
1591042562.5959,1034496.0,-6,-29,-2127,71,-0.07140168,05:16:02,0
1591042621.584986,1035081.0,-6,-29,-2127,27,-0.08140168,05:17:01,0
1591042680.846151,1035616.0,-6,-29,-2127,-26,-0.12140168,05:18:00,0
1591042741.111266,1035693.0,-6,-29,-2127,-41,-0.15140168,05:19:01,0
1591042800.902723,1035556.0,-6,-29,-2127,-16,-0.16140168,05:20:00,0
1591042861.763672,1035977.0,-6,-29,-2127,-88,-0.18140168,05:21:01,0
1591042920.110659,1036174.0,-6,-29,-2127,-126,-0.21140168,05:22:00,0
1591042981.499955,1035849.0,-6,-29,-2127,-57,-0.21140168,05:23:01,0
1591043040.343939,1036300.0,-6,-29,-2127,-153,-0.21140168,05:24:00,0
1591043101.855126,1036560.0,-6,-29,-2127,-208,-0.21140168,05:25:01,0
1591043161.67167,1036941.0,-6,-29,-2127,-289,-0.23140168,05:26:01,0
1591043221.479642,1036769.0,-6,-29,-2127,-247,-0.24140168,05:27:01,0
1591043280.87947,1036059.0,-6,-29,-2127,-76,-0.24140168,05:28:00,0
1591043342.041221,1036705.0,-6,-29,-2127,-232,-0.24140168,05:29:02,0
1591043400.339913,1036631.0,-6,-29,-2127,-212,-0.26140168,05:30:00,0
1591043460.79551,1036851.0,-6,-29,-2127,-272,-0.27140168,05:31:00,0
1591043520.326126,1036751.0,-6,-29,-2127,-245,-0.27140168,05:32:00,0
1591043580.883161,1036598.0,-6,-29,-2127,-204,-0.27140168,05:33:00,0
1591043640.321711,1036662.0,-6,-29,-2127,-221,-0.27140168,05:34:00,0
1591043701.569658,1037310.0,-6,-29,-2127,-397,-0.27140168,05:35:01,0
1591043760.877768,1037170.0,-6,-29,-2127,-351,-0.29140168,05:36:00,0
1591043820.920323,1037020.0,-6,-29,-2127,-307,-0.29140168,05:37:00,0
1591043881.815187,1036992.0,-6,-29,-2127,-301,-0.30140168,05:38:01,0
1591043941.101041,1037791.0,-6,-29,-2127,-559,-0.33140168,05:39:01,0
1591044001.200156,1037905.0,-6,-29,-2127,-597,-0.33140168,05:40:01,0
1591044060.390141,1037547.0,-6,-29,-2127,-478,-0.33140168,05:41:00,0
1591044120.822326,1038021.0,-6,-29,-2127,-635,-0.33140168,05:42:00,0
1591044181.31477,1037602.0,-6,-29,-2127,-496,-0.33140168,05:43:01,0
1591044240.921442,1037909.0,-6,-29,-2127,-598,-0.33140168,05:44:00,0
1591044302.070822,1039504.0,-6,-29,-2127,-1126,-0.33140168,05:45:02,0
1591044360.868313,1044502.0,-6,-29,-2127,-2829,-0.36140168,05:46:00,0
1591044420.790822,1044884.0,-6,-29,-2127,-2999,-0.40140168,05:47:00,0
1591044481.418331,1044570.0,-6,-29,-2127,-2872,-0.44140168,05:48:01,0
1591044541.223433,1044981.0,-6,-29,-2127,-3058,-0.48140168,05:49:01,0
1591044601.272274,1044639,-6,-29,-2127,-2893,-0.48140168,05:50:01,0
1591044660.977284,1045700,-6,-29,-2127,-3407,-0.50140168,05:51:00,0
1591044720.402234,1044844.0,-6,-29,-2127,-2978,-0.50140168,05:52:00,0
1591044780.562735,1045331.0,-6,-29,-2127,-3222,-0.50140168,05:53:00,0
1591044841.047818,1046053.0,-6,-29,-2127,-3584,-0.50140168,05:54:01,0
1591044900.327549,1046075.0,-6,-29,-2127,-3595,-0.50140168,05:55:00,0
1591044960.942599,1047743.0,-6,-29,-2127,-4431,-0.50140168,05:56:00,0
1591045020.245528,1047003.0,-6,-29,-2127,-4060,-0.50140168,05:57:00,0
1591045081.163547,1048166.0,-6,-29,-2127,-4643,-0.50140168,05:58:01,0
1591045140.666785,1047279.0,-6,-29,-2127,-4199,-0.50140168,05:59:00,0
1591045201.875213,1046122.0,-6,-29,-2127,-3619,-0.50140168,06:00:01,0
1591045261.3806,1047085.0,-6,-29,-2127,-4101,-0.50140168,06:01:01,0
1591045320.709675,1047486.0,-6,-29,-2127,-4303,-0.50140168,06:02:00,0
1591045380.607646,1043513.0,-6,-29,-2127,-2310,-0.50140168,06:03:00,0
1591045441.262893,1043029.0,-6,-29,-2303,-1871,-0.47140168,06:04:01,0
1591045501.226854,1043381.0,-6,-29,-2648,-1693,-0.43140168,06:05:01,0
1591045561.219829,1043448.0,-6,-29,-2979,-1392,-0.39140168,06:06:01,0
1591045621.245209,1044494.0,-6,-29,-2979,-1801,-0.39140168,06:07:01,0
1591045681.355027,1043694.0,-6,-29,-2979,-1488,-0.39140168,06:08:01,0
1591045741.313087,1044592.0,-6,-29,-3327,-1476,-0.35140168,06:09:01,0
1591045800.692235,1044213.0,-6,-29,-3501,-1174,-0.33140168,06:10:00,0
1591045861.568983,1044048.0,-6,-29,-3501,-1119,-0.33140168,06:11:01,0
1591045921.129194,1044036.0,-6,-29,-3827,-796,-0.29140168,06:12:01,0
1591045980.469698,1044512.0,-6,-29,-3974,-781,-0.27140168,06:13:00,0
1591046040.960041,1045505.0,-6,-29,-3974,-1052,-0.28140168,06:14:00,0
1591046101.39869,1045789.0,-6,-29,-3974,-1136,-0.32140168,06:15:01,0
1591046161.925024,1045027.0,-6,-29,-3974,-875,-0.35140168,06:16:01,0
1591046221.368129,1045271.0,-6,-29,-3974,-966,-0.39140168,06:17:01,0
1591046280.751243,1045938.0,-6,-29,-3974,-1235,-0.41140168,06:18:00,0
1591046341.025249,1046082.0,-6,-29,-3974,-1296,-0.44140168,06:19:01,0
1591046400.511193,1045581.0,-6,-29,-3974,-1070,-0.45140168,06:20:00,0
1591046461.273343,1045543.0,-6,-29,-3974,-1053,-0.45140168,06:21:01,0
1591046520.903954,1044237.0,-6,-29,-3974,-451,-0.46140168,06:22:00,0
1591046581.394021,1044553.0,-6,-29,-3974,-597,-0.46140168,06:23:01,0
1591046641.58279,1045309.0,-6,-29,-3974,-951,-0.48140168,06:24:01,0
1591046700.284846,1045222.0,-6,-29,-3974,-905,-0.50140168,06:25:00,0
1591046760.722576,1046208.0,-6,-29,-3974,-1399,-0.50140168,06:26:00,0
1591046820.516887,1045600.0,-6,-29,-3974,-1094,-0.50140168,06:27:00,0
1591046881.673912,1045039.0,-6,-29,-3974,-813,-0.50140168,06:28:01,0
1591046940.863057,1045439.0,-6,-29,-3974,-1013,-0.50140168,06:29:00,0
1591047001.309348,1045114.0,-6,-29,-3974,-850,-0.50140168,06:30:01,0
1591047060.582847,1045294.0,-6,-29,-3974,-941,-0.50140168,06:31:00,0
1591047121.782169,1044878.0,-6,-29,-3974,-732,-0.50140168,06:32:01,0
1591047180.647446,1044519.0,-6,-29,-3974,-552,-0.50140168,06:33:00,0
1591047240.407075,1044596.0,-6,-29,-3974,-591,-0.50140168,06:34:00,0
1591047302.518878,1044477.0,-6,-29,-3974,-531,-0.50140168,06:35:02,0
1591047360.535638,1044742.0,-6,-29,-3974,-664,-0.50140168,06:36:00,0
1591047421.511509,1043955.0,-6,-29,-4193,-54,-0.47140168,06:37:01,0
1591047481.760282,1044531.0,-6,-29,-4193,-326,-0.47140168,06:38:01,0
1591047542.509867,1044500.0,-6,-29,-4193,-311,-0.47140168,06:39:02,0
1591047601.14148,1043445.0,-6,-29,-4193,186,-0.47140168,06:40:01,0
1591047660.622431,1043500.0,-6,-29,-4323,291,-0.45140168,06:41:00,0
1591047721.093038,1043690.0,-6,-29,-4323,205,-0.45140168,06:42:01,0
1591047780.262009,1044139.0,-6,-29,-4383,68,-0.44140168,06:43:00,0
1591047841.222799,1044242.0,-6,-29,-4383,22,-0.44140168,06:44:01,0
1591047901.020341,1044073.0,-6,-29,-4383,97,-0.44140168,06:45:01,0
1591047961.098167,1043169.0,-6,-29,-4383,496,-0.44140168,06:46:01,0
1591048022.940912,1043211.0,-6,-29,-4383,477,-0.44140168,06:47:02,0
1591048081.500805,1043393.0,-6,-29,-4383,397,-0.44140168,06:48:01,0
1591048141.024054,1043124.0,-6,-29,-4383,516,-0.44140168,06:49:01,0
1591048201.255482,1043619.0,-6,-29,-4383,297,-0.44140168,06:50:01,0
1591048261.516102,1043681.0,-6,-29,-4383,270,-0.44140168,06:51:01,0
1591048320.226278,1044018.0,-6,-29,-4653,396,-0.40140168,06:52:00,0
1591048381.038137,1044060.0,-6,-29,-4704,429,-0.38140168,06:53:01,0
1591048441.207916,1043969.0,-6,-29,-4704,463,-0.38140168,06:54:01,0
1591048502.468806,1043893.0,-6,-29,-4704,492,-0.38140168,06:55:02,0
1591048561.195514,1043811.0,-6,-29,-4704,524,-0.38140168,06:56:01,0
1591048621.450879,1043981.0,-6,-29,-4704,459,-0.38140168,06:57:01,0
1591048681.342657,1044122.0,-6,-29,-4704,405,-0.38140168,06:58:01,0
1591048740.901357,1043867.0,-6,-29,-4704,502,-0.38140168,06:59:00,0
1591048800.953847,1044495.0,-6,-29,-4704,263,-0.38140168,07:00:00,0
1591048861.03235,1045902.0,-6,-29,-4704,-274,-0.39140168,07:01:01,0
1591048920.458775,1046000.0,-6,-29,-4704,-313,-0.40140168,07:02:00,0
1591048980.914826,1045349.0,-6,-29,-4704,-52,-0.40140168,07:03:00,0
1591049041.879989,1044852.0,-6,-29,-4704,148,-0.40140168,07:04:01,0
1591049101.12013,1044855.0,-6,-29,-4704,147,-0.40140168,07:05:01,0
1591049160.834003,1044821.0,-6,-29,-4704,160,-0.40140168,07:06:00,0
1591049220.347957,1045120.0,-6,-29,-4704,40,-0.40140168,07:07:00,0
1591049280.42178,1044476.0,-6,-29,-4704,299,-0.40140168,07:08:00,0
1591049340.258045,1044640.0,-6,-29,-4704,233,-0.40140168,07:09:00,0
1591049401.459546,1044685.0,-6,-29,-4704,215,-0.40140168,07:10:01,0
1591049461.632469,1044921.0,-6,-29,-4704,120,-0.40140168,07:11:01,0
1591049521.046084,1044821.0,-6,-29,-4733,188,-0.36140168,07:12:01,0
1591049581.637403,1044021.0,-6,-29,-4735,472,-0.35140168,07:13:01,0
1591049640.885481,1043717.0,-6,-29,-4735,578,-0.35140168,07:14:00,0
1591049701.022666,1043199.0,-6,-29,-4735,760,-0.35140168,07:15:01,0
1591049760.727714,1044037.0,-6,-29,-4735,466,-0.35140168,07:16:00,0
1591049821.672622,1044769.0,-6,-29,-4735,209,-0.35140168,07:17:01,0
1591049880.686262,1044750.0,-6,-29,-4735,215,-0.38140168,07:18:00,0
1591049942.228999,1045399.0,-6,-29,-4735,-36,-0.42140168,07:19:02,0
1591050001.146068,1046244.0,-6,-29,-4735,-420,-0.46140168,07:20:01,0
1591050061.679282,1045495.0,-6,-29,-4735,-66,-0.49140168,07:21:01,0
1591050120.270905,1046143.0,-6,-29,-4735,-391,-0.50140168,07:22:00,0
1591050180.977712,1045826,-6,-29,-4735,-232,-0.50140168,07:23:00,0
1591050240.714958,1047741.0,-6,-29,-4735,-1192,-0.50140168,07:24:00,0
1591050304.242192,1048819.0,-6,-29,-4735,-1732,-0.50140168,07:25:04,0
1591050360.958216,1048325.0,-6,-29,-4735,-1485,-0.50140168,07:26:00,0
1591050421.325009,1048466.0,-6,-29,-4735,-1555,-0.50140168,07:27:01,0
1591050480.665176,1047305.0,-6,-29,-4735,-973,-0.50140168,07:28:00,0
1591050540.279653,1047637.0,-6,-29,-4735,-1140,-0.50140168,07:29:00,0
1591050601.646603,1048140.0,-6,-29,-4735,-1392,-0.50140168,07:30:01,0
1591050660.647024,1048445.0,-6,-29,-4735,-1545,-0.50140168,07:31:00,0
1591050720.336998,1048139.0,-6,-29,-4735,-1391,-0.50140168,07:32:00,0
1591050780.279057,1047252.0,-6,-29,-4735,-947,-0.50140168,07:33:00,0
1591050842.652173,1047291.0,-6,-29,-4735,-966,-0.50140168,07:34:02,0
1591050900.667,1047274.0,-6,-29,-4735,-958,-0.50140168,07:35:00,0
1591050960.961787,1046879.0,-6,-29,-4735,-760,-0.50140168,07:36:00,0
1591051021.017896,1047137.0,-6,-29,-4826,-787,-0.46140168,07:37:01,0
1591051080.240906,1047861.0,-6,-29,-4826,-1121,-0.46140168,07:38:00,0
1591051140.531276,1047238.0,-6,-29,-4826,-834,-0.46140168,07:39:00,0
1591051200.729876,1047607.0,-6,-29,-4826,-1004,-0.46140168,07:40:00,0
